500 Basic Korean Verbs Audio Pdfs	https://www.tuttlepublishing.com/500 basic korean verbs audio pdfs
A Beginners Guide To Japanese Haiku	https://www.tuttlepublishing.com/a beginners guide to japanese haiku
A Bilingual Treasury Of Chinese Folktales	https://www.tuttlepublishing.com/a bilingual treasury of chinese folktales
Advanced Korean Pdfs	https://www.tuttlepublishing.com/advanced korean pdfs
Advanced Origami Videos	https://www.tuttlepublishing.com/advanced origami videos
Air And Space Origami Kit Downloadable Content	https://www.tuttlepublishing.com/air and space origami kit downloadable content
All About Indonesia Extra Content	https://www.tuttlepublishing.com/all about indonesia extra content
All About Thailand Audio Pdfs	https://www.tuttlepublishing.com/all about thailand audio pdfs
All About Vietnam	https://www.tuttlepublishing.com/all about vietnam
Amazing Origami Dinosaurs	https://www.tuttlepublishing.com/amazing origami dinosaurs
Amazing Origami Kit Pdfs	https://www.tuttlepublishing.com/amazing origami kit pdfs
American Mah Jongg For Everyone	https://www.tuttlepublishing.com/american mah jongg for everyone
Annas Kokeshi Dolls	https://www.tuttlepublishing.com/Annas Kokeshi Dolls
Arabic For Beginners Audio Pdfs	https://www.tuttlepublishing.com/arabic for beginners audio pdfs
Arabic Stories For Language Learners Audio Pdfs	https://www.tuttlepublishing.com/arabic stories for language learners audio pdfs
The Art Of Throwing Videos	https://www.tuttlepublishing.com/the art of throwing videos
Balinese Gamelan Music Audio	https://www.tuttlepublishing.com/balinese gamelan music audio
Basic Black Pdfs	https://www.tuttlepublishing.com/basic black pdfs
Basic Indonesian Audio	https://www.tuttlepublishing.com/basic indonesian audio
Basic Japanese Audio	https://www.tuttlepublishing.com/basic japanese audio
Basic Japanese Kanji Pdfs Software	https://www.tuttlepublishing.com/basic japanese kanji pdfs software
Basic Korean	https://www.tuttlepublishing.com/basic korean
Basic Mandarin Chinese Reading Writing Practice Book Audio Pdfs	https://www.tuttlepublishing.com/basic mandarin chinese reading writing practice book audio pdfs
Basic Mandarin Chinese Reading Writing Textbook Audio Pdfs	https://www.tuttlepublishing.com/basic mandarin chinese reading writing textbook audio pdfs
Basic Mandarin Chinese Speaking Listening Practice Book Audio Pdfs	https://www.tuttlepublishing.com/basic mandarin chinese speaking listening practice book audio pdfs
Basic Mandarin Chinese Speaking Listening Textbook Audio Video	https://www.tuttlepublishing.com/basic mandarin chinese speaking listening textbook audio video
Basic Spoken Chinese Audio Video	https://www.tuttlepublishing.com/basic spoken chinese audio video
Basic Spoken Chinese Practice Essentials Audio Pdfs	https://www.tuttlepublishing.com/basic spoken chinese practice essentials audio pdfs
Basic Tagalog Audio	https://www.tuttlepublishing.com/basic tagalog audio
Basic Tagalog Revised 3	https://www.tuttlepublishing.com/basic tagalog revised 3
Basic Written Chinese Audio Pdfs	https://www.tuttlepublishing.com/basic written chinese audio pdfs
Basic Written Chinese Practice Essentials Audio Pdfs	https://www.tuttlepublishing.com/basic written chinese practice essentials audio pdfs
Beginners Guide To Colored Pencil Drawing	https://www.tuttlepublishing.com/beginners guide to colored pencil drawing
A Beginners Guide To Paper Wildflowers	https://www.tuttlepublishing.com/a beginners guide to paper wildflowers
Beginners Guide To Sumie	https://www.tuttlepublishing.com/beginners guide to sumie
Beginning Japanese Audio Pdfs	https://www.tuttlepublishing.com/beginning japanese audio pdfs
Beginning Japanese Kanji Language Practice Pad	https://www.tuttlepublishing.com/Beginning Japanese Kanji Language Practice Pad
Beginning Japanese Workbook	https://www.tuttlepublishing.com/beginning japanese workbook
Beginning Mandarin Chinese Characters	https://www.tuttlepublishing.com/beginning mandarin chinese characters
Black Belt Healing Audio	https://www.tuttlepublishing.com/black belt healing audio
Blowgun Techniques Videos	https://www.tuttlepublishing.com/blowgun techniques videos
Burmese Stories For Language Learners	https://www.tuttlepublishing.com/burmese stories for language learners
Chinese And English Nursery Rhymes Audio Pdf	https://www.tuttlepublishing.com/chinese and english nursery rhymes audio pdf
Chinese Flash Cards Kit Volume 1 Audio	https://www.tuttlepublishing.com/chinese flash cards kit volume 1 audio
Chinese Flash Cards Kit Volume 2 Audio	https://www.tuttlepublishing.com/chinese flash cards kit volume 2 audio
Chinese Flash Cards Kit Volume 3 Audio	https://www.tuttlepublishing.com/chinese flash cards kit volume 3 audio
Chinese Folktales For Language Learners	https://www.tuttlepublishing.com/chinese folktales for language learners
Chinese For Beginners Audio And Pdf	https://www.tuttlepublishing.com/chinese for beginners audio and pdf
Tuttle Chinese For Kids Flash Cards Kit Vol 1 Simplified Edition Audio	https://www.tuttlepublishing.com/tuttle chinese for kids flash cards kit vol 1 simplified edition audio
Tuttle Chinese For Kids Flash Cards Kit Vol 1 Traditional Edition Audio	https://www.tuttlepublishing.com/tuttle chinese for kids flash cards kit vol 1 traditional edition audio
Chinese Grammar Study Card	https://www.tuttlepublishing.com/chinese grammar study card
Chinese Phrase A Day Practice Pad Audio	https://www.tuttlepublishing.com/chinese phrase a day practice pad audio
Chinese Stories For Language Learners	https://www.tuttlepublishing.com/chinese stories for language learners
Chinese Vocabulary Study Card	https://www.tuttlepublishing.com/chinese vocabulary study card
Color Collage Origami Kit Pdfs	https://www.tuttlepublishing.com/color collage origami kit pdfs
Colored Pencil Drawings And Doodles	https://www.tuttlepublishing.com/colored pencil drawings and doodles
The Complete Guide To Drawing Manga And Anime	https://www.tuttlepublishing.com/the complete guide to drawing manga and anime
Complete Martial Arts Training Manual Downloadable Cd Content	https://www.tuttlepublishing.com/complete martial arts training manual downloadable cd content
Contemporary Japanese Vol 2	https://www.tuttlepublishing.com/contemporary japanese vol 2
Contemporary Japanese Textbook Vol 1	https://www.tuttlepublishing.com/contemporary japanese textbook vol 1
Contemporary Japanese Workbook Vol 1	https://www.tuttlepublishing.com/contemporary japanese workbook vol 1
Contemporary Japanese Textbook Volume 2	https://www.tuttlepublishing.com/contemporary japanese textbook volume 2
Contemporary Japanese Workbook Vol 2	https://www.tuttlepublishing.com/contemporary japanese workbook vol 2
Continuing Korean Audio	https://www.tuttlepublishing.com/continuing korean audio
Continuing Mandarin Chinese Textbook	https://www.tuttlepublishing.com/continuing mandarin chinese textbook
Continuing Mandarin Chinese Workbook	https://www.tuttlepublishing.com/continuing mandarin chinese workbook
Continuing Vietnamese Audio	https://www.tuttlepublishing.com/continuing vietnamese audio
Conversational Korean	https://www.tuttlepublishing.com/conversational korean
Creative Origami Kit Videos Pdfs	https://www.tuttlepublishing.com/creative origami kit videos pdfs
Easy Burmese	https://www.tuttlepublishing.com/Easy Burmese
Easy Hindi Downloadable Content	https://www.tuttlepublishing.com/easy hindi downloadable content
Easy Indonesian Audio	https://www.tuttlepublishing.com/easy indonesian audio
Easy Japanese Audio	https://www.tuttlepublishing.com/easy japanese audio
Easy Mandarin Chinese Audio	https://www.tuttlepublishing.com/easy mandarin chinese audio
Easy Money Origami	https://www.tuttlepublishing.com/easy money origami
Easy Tagalog Audio And Pdf	https://www.tuttlepublishing.com/easy tagalog audio and pdf
Easy Thai Audio	https://www.tuttlepublishing.com/easy thai audio
Easy Vietnamese Audio Pdf	https://www.tuttlepublishing.com/easy vietnamese audio pdf
Elementary Hindi Audio	https://www.tuttlepublishing.com/elementary hindi audio
Elementary Hindi Workbook	https://www.tuttlepublishing.com/elementary hindi workbook
Elementary Japanese Teachers Guide Audio Pdf	https://www.tuttlepublishing.com/elementary japanese teachers guide audio pdf
Elementary Japanese Volume 1 Audio And Pdf	https://www.tuttlepublishing.com/elementary japanese volume 1 audio and pdf
Elementary Japanese Volume 2 Audio And Pdf	https://www.tuttlepublishing.com/elementary japanese volume 2 audio and pdf
Elementary Korean Audio	https://www.tuttlepublishing.com/elementary korean audio
Elementary Korean Workbook Audio	https://www.tuttlepublishing.com/elementary korean workbook audio
Elementary Mandarin Chinese Textbook	https://www.tuttlepublishing.com/Elementary Mandarin Chinese Textbook
Elementary Mandarin Chinese Workbook	https://www.tuttlepublishing.com/elementary mandarin chinese workbook
Elementary Tagalog Audio	https://www.tuttlepublishing.com/elementary tagalog audio
Elementary Tagalog Workbook Audio	https://www.tuttlepublishing.com/elementary tagalog workbook audio
Elementary Vietnamese Audio	https://www.tuttlepublishing.com/elementary vietnamese audio
Elementary Vietnamese	https://www.tuttlepublishing.com/elementary vietnamese
English Made Easy Volume One Downloadable Content	https://www.tuttlepublishing.com/english made easy volume one downloadable content
English Made Easy Volume Two Audio	http://tuttlepublishing.com/english made easy volume two audio
Essential Book Of Martial Arts Kicks Videos	https://www.tuttlepublishing.com/essential book of martial arts kicks videos
Essential Korean Vocabulary Pdf	https://www.tuttlepublishing.com/essential korean vocabulary pdf
Essential Mandarin Chinese Grammar	https://www.tuttlepublishing.com/essential mandarin chinese grammar
Essential Vietnamese Grammar	https://www.tuttlepublishing.com/essential vietnamese grammar
Fabulous Paper Flowers	https://www.tuttlepublishing.com/fabulous paper flowers
Farsi Persian For Beginners Downloadable Cd Content	https://www.tuttlepublishing.com/farsi persian for beginners downloadable cd content
Farsi Persian For Beginners 2	https://www.tuttlepublishing.com/farsi persian for beginners 2
Fantastic Felted Cats	https://www.tuttlepublishing.com/fantastic felted cats
Feng Shui Before And After	https://www.tuttlepublishing.com/feng shui before and after
Flying Dragons Paper Airplane Kit Downloadable Cd Content	https://www.tuttlepublishing.com/flying dragons paper airplane kit downloadable cd content
Fun Easy Origami Kit Pdf	https://www.tuttlepublishing.com/fun easy origami kit pdf
Fun Easy Paper Airplanes Pdf	https://www.tuttlepublishing.com/fun easy paper airplanes pdf
Fun With Origami Animals	https://www.tuttlepublishing.com/fun with origami animals
Geometric Origami Kit Videos Pdfs	https://www.tuttlepublishing.com/geometric origami kit videos pdfs
Geometric Origami Mini Kit Videos And Pdfs	https://www.tuttlepublishing.com/geometric origami mini kit videos and pdfs
Girligami Pdf	https://www.tuttlepublishing.com/girligami pdf
9780804836883.Zip	https://www.dropbox.com/s/5omfc75r4s6qbyv/9780804836883.zip
Guide To Reading Writing Japanese 4Th Edition Pdf	https://www.tuttlepublishing.com/guide to reading writing japanese 4th edition pdf
Handmade Bags In Natural Fabrics Pdf	https://www.tuttlepublishing.com/handmade bags in natural fabrics pdf
Hello Korean V1	https://www.tuttlepublishing.com/hello korean v1
Hello Korean V2	https://www.tuttlepublishing.com/hello korean v2
Hindi Flash Cards Kit Audio	https://www.tuttlepublishing.com/hindi flash cards kit audio
Hindi For Beginners Audio	https://www.tuttlepublishing.com/hindi for beginners audio
Hojoki	https://www.tuttlepublishing.com/hojoki
Im Learning Japanese	https://www.tuttlepublishing.com/im learning japanese
Indonesian Flash Cards Audio	https://www.tuttlepublishing.com/indonesian flash cards audio
Indonesian For Beginners	https://www.tuttlepublishing.com/Indonesian for Beginners
Tuttle Indonesian For Kids Flash Cards Kit Audio Pdf	https://www.tuttlepublishing.com/tuttle indonesian for kids flash cards kit audio pdf
Indonesian Picture Dictionary	https://www.tuttlepublishing.com/Indonesian Picture Dictionary
Indonesian Stories For Languagelearners Audio Online Content	https://www.tuttlepublishing.com/indonesian stories for languagelearners audio online content
Instant Paper Airplanes For Kids	https://www.tuttlepublishing.com/instant paper airplanes for kids
Instant Vietnamese Audio	https://www.tuttlepublishing.com/instant vietnamese audio
Intermediate Chinese Characters	https://www.tuttlepublishing.com/intermediate chinese characters
Intermediate Japanese Textbook	https://www.tuttlepublishing.com/intermediate japanese textbook
Intermediate Mandarin Chinese Speaking And Listening	https://www.tuttlepublishing.com/intermediate mandarin chinese speaking and listening
Intermediate Spoken Chinese Audio Pdfs	https://www.tuttlepublishing.com/intermediate spoken chinese audio pdfs
Intermediate Spoken Chinese Practice Essentials Audio Pdfs	https://www.tuttlepublishing.com/intermediate spoken chinese practice essentials audio pdfs
Intermediate Tagalog Audio And Pdfs	https://www.tuttlepublishing.com/intermediate tagalog audio and pdfs
Intermediate Written Chinese Audio Pdfs	https://www.tuttlepublishing.com/intermediate written chinese audio pdfs
Intermediate Written Chinese Practice Essentials Audio Pdfs	https://www.tuttlepublishing.com/intermediate written chinese practice essentials audio pdfs
Irresistible Felted Baby Animals	https://www.tuttlepublishing.com/irresistible felted baby animals
Japanese Nursery Rhymes Audio	https://www.tuttlepublishing.com/japanese nursery rhymes audio
Japanese Folktales For Language Learners	https://www.tuttlepublishing.com/japanese folktales for language learners
Japanese For Beginners Audio	https://www.tuttlepublishing.com/japanese for beginners audio
Japanese For Fun Phrasebook Dictionary Audio	https://www.tuttlepublishing.com/japanese for fun phrasebook dictionary audio
Japanese For Healthcare Professionals Audio	https://www.tuttlepublishing.com/japanese for healthcare professionals audio
Japanese Genkouyoushi Character Writing Workbook	https://www.tuttlepublishing.com/japanese genkouyoushi character writing workbook
Japanese Grammar A Workbook For Self Study	https://www.tuttlepublishing.com/japanese grammar a workbook for self study
Japanese Grammar Study Card	https://www.tuttlepublishing.com/japanese grammar study card
Japanese Hiragana And Katakana Flash Cards Kit Audio	https://www.tuttlepublishing.com/japanese hiragana and katakana flash cards kit audio
Japanese Hiragana Katakana For Beginners Pdfs	https://www.tuttlepublishing.com/japanese hiragana katakana for beginners pdfs
Japanese Hiragana Katakana Language Workbook	https://www.tuttlepublishing.com/japanese hiragana katakana language workbook
Japanese Kanji Flash Cards Kit Volume 2 Audio	https://www.tuttlepublishing.com/Japanese kanji flash cards kit volume 2 audio
Japanese Kanji Flash Cards Kit Volume 1 Audio	https://www.tuttlepublishing.com/japanese kanji flash cards kit volume 1 audio
Japanese Kanji For Beginners Downloadable Cd Content	https://www.tuttlepublishing.com/japanese kanji for beginners downloadable cd content
Japanese Kanji Made Easy Audio	https://www.tuttlepublishing.com/japanese kanji made easy audio
Japanese Nursery Rhymes Downloadable Cd Content	https://www.tuttlepublishing.com/japanese nursery rhymes downloadable cd content
Japanese Origami For Beginners Kit Videos	https://www.tuttlepublishing.com/japanese origami for beginners kit videos
Japanese Origami Kit For Kids Pdfs	https://www.tuttlepublishing.com/japanese origami kit for kids pdfs
Japanese Paper Toys Kit Pdfs	https://www.tuttlepublishing.com/japanese paper toys kit pdfs
Japanese Phrase A Day Practice Pad Audio	https://www.tuttlepublishing.com/japanese phrase a day practice pad audio
Japanese Picture Dictionary Downloadable Content	https://www.tuttlepublishing.com/japanese picture dictionary downloadable content
Japanese Stories For Language Learners Downloadable Content	https://www.tuttlepublishing.com/japanese stories for language learners downloadable content
Japanese Swords Video	https://www.tuttlepublishing.com/japanese swords video
Japanese Throwing Weapons Videos	http://tuttlepublishing.com/japanese throwing weapons videos
Japanese Vocabulary Study Card	https://www.tuttlepublishing.com/japanese vocabulary study card
Jiu Jitsu Strategies And Tactics For Self Defense Video	https://www.tuttlepublishing.com/jiu jitsu strategies and tactics for self defense video
Jlpt Study Guide	https://www.tuttlepublishing.com/jlpt study guide
Korean And English Nursery Rhymes Audio And Pdf	https://www.tuttlepublishing.com/korean and english nursery rhymes audio and pdf
Korean Language Conversations And Debating	https://www.tuttlepublishing.com/korean language conversations and debating
Korean Flash Cards Kit Audio	https://www.tuttlepublishing.com/korean flash cards kit audio
Korean Folk Songs Audio	https://www.tuttlepublishing.com/korean folk songs audio
Korean Folktales For Language Learners	https://www.tuttlepublishing.com/korean folktales for language learners
Korean For Beginners Videos Audio	https://www.tuttlepublishing.com/korean for beginners videos audio
Korean Grammar Study Card	https://www.tuttlepublishing.com/korean grammar study card
Korean Hangeul For Beginners	https://www.tuttlepublishing.com/korean hangeul for beginners
Korean Hangul Writing Workbook	https://www.tuttlepublishing.com/korean hangul writing workbook
Korean In A Flash Volume 1 Audio	https://www.tuttlepublishing.com/korean in a flash volume 1 audio
Korean Kpop Kdrama Language Workbook	https://www.tuttlepublishing.com/korean kpop kdrama language workbook
Korean Language Writing Practice Book	https://www.tuttlepublishing.com/korean language writing practice book
Korean Patchwork Quilting	https://www.tuttlepublishing.com/korean patchwork quilting
Korean Picture Dictionary Audio	https://www.tuttlepublishing.com/korean picture dictionary audio
Korean Nursery Rhymes Audio And Pdf	https://www.tuttlepublishing.com/korean nursery rhymes audio and pdf
Korean Stories For Language Learners Downloadable Content	https://www.tuttlepublishing.com/korean stories for language learners downloadable content
Korean Vocabulary Study Card	https://www.tuttlepublishing.com/korean vocabulary study card
Krazy Karakuri Origami Kit Pdfs	https://www.tuttlepublishing.com/krazy karakuri origami kit pdfs
Lafosse Alexanders Dollar Origami Videos Pdf	https://www.tuttlepublishing.com/lafosse alexanders dollar origami videos pdf
Lafosse Alexanders Essential Book Of Origami Videos	https://www.tuttlepublishing.com/lafosse alexanders essential book of origami videos
Lafosse Alexanders Origami Flowers Kit Videos And Pdf	https://www.tuttlepublishing.com/lafosse alexanders origami flowers kit videos and pdf
Lafosse Alexanders Origami Jewelry Videos	https://www.tuttlepublishing.com/lafosse alexanders origami jewelry videos
Lao Basics Audio	https://www.tuttlepublishing.com/lao basics audio
Learning Japanese Hiragana Katakana Audio	https://www.tuttlepublishing.com/learning japanese hiragana katakana audio
Learning Japanese Kanji Practice Book Volume 1 Audio	https://www.tuttlepublishing.com/learning japanese kanji practice book volume 1 audio
Learn Japanese With Manga Volume 1	https://www.tuttlepublishing.com/learn japanese with manga volume 1
Learn Japanese With Manga Volume 2	https://www.tuttlepublishing.com/learn japanese with manga volume 2
Learning Korean	https://www.tuttlepublishing.com/learning korean
Learning Tagalog	https://www.tuttlepublishing.com/learning tagalog
Learning Vietnamese	https://www.tuttlepublishing.com/learning vietnamese
Lets Learn Indonesian Kit Audio	https://www.tuttlepublishing.com/lets learn indonesian kit audio
Lets Learn Japanese Kit Pdfs And Audio	https://www.tuttlepublishing.com/lets learn japanese kit pdfs and audio
Lets Learn Korean Kit Audio	https://www.tuttlepublishing.com/lets learn korean kit audio
Lets Learn Mandarin Chinese Kit Audio	https://www.tuttlepublishing.com/lets learn mandarin chinese kit audio
Lets Learn Tagalog Kit Audio	https://www.tuttlepublishing.com/lets learn tagalog kit audio
Lets Learn Vietnamese Kit Audio	https://www.tuttlepublishing.com/lets learn vietnamese kit audio
Make Your Point Audio	https://www.tuttlepublishing.com/make your point audio
Mandarin Chinese Characters	https://www.tuttlepublishing.com/Mandarin Chinese Characters
Mandarin Chinese Characters Made Easy Audio	https://www.tuttlepublishing.com/mandarin chinese characters made easy audio
Mandarin Chinese For Beginners	https://www.tuttlepublishing.com/Mandarin Chinese for Beginners
Mandarin Chinese Picture Dictionary Audio	https://www.tuttlepublishing.com/mandarin chinese picture dictionary audio
Chinese Vocabulary Study Card	https://www.tuttlepublishing.com/chinese vocabulary study card
Index.Html	https://www.tuttlepublishing.com/content/docs/9784805311684/NEW/index.html
Mastering The Samurai Sword Videos	https://www.tuttlepublishing.com/mastering the samurai sword videos
Michael Lafosses Origami Airplanes Videos	https://www.tuttlepublishing.com/michael lafosses origami airplanes videos
Michael Lafosses Origami Butterflies Videos	https://www.tuttlepublishing.com/michael lafosses origami butterflies videos
Mind Blowingkusudama Origami Downloadable Content	https://www.tuttlepublishing.com/mind blowingkusudama origami downloadable content
Mind Blowing Paper Puzzles Kit Downloadable Content	https://www.tuttlepublishing.com/mind blowing paper puzzles kit downloadable content
Mini Money Origami Kit Videos	https://www.tuttlepublishing.com/mini money origami kit videos
Mixed Martial Arts Fighting Techniques Videos	https://www.tuttlepublishing.com/mixed martial arts fighting techniques videos
Modern Hand To Hand Combat Videos	https://www.tuttlepublishing.com/modern hand to hand combat videos
Money Origami Kit Videos	https://www.tuttlepublishing.com/money origami kit videos
Tuttle More Chinese For Kids Flash Cards Simplified Edition Audio	https://www.tuttlepublishing.com/tuttle more chinese for kids flash cards simplified edition audio
Tuttle More Chinese For Kids Flash Cards Traditional Edition Audio	https://www.tuttlepublishing.com/tuttle more chinese for kids flash cards traditional edition audio
Tuttle More Indonesian For Kids Flash Cards Kit Audio	https://www.tuttlepublishing.com/tuttle more indonesian for kids flash cards kit audio
More Japanese For Kids Flash Cards Audio	https://www.tuttlepublishing.com/more japanese for kids flash cards audio
More Korean For Kids Flash Cards Audio	https://www.tuttlepublishing.com/more korean for kids flash cards audio
Tuttle More Tagalog For Kids Flash Cards Kit Audio	https://www.tuttlepublishing.com/tuttle more tagalog for kids flash cards kit audio
My First Book Chinese Words	https://www.tuttlepublishing.com/my first book chinese words
My First Book Of Haiku Poems	https://www.tuttlepublishing.com/my first book of haiku poems
My First Book Japanese Words	https://www.tuttlepublishing.com/my first book japanese words
My First Book Of Korean Words	https://www.tuttlepublishing.com/my first book of korean words
My First Book Of Vietnamese Words Audio Pdfs	http://tuttlepublishing.com/my first book of vietnamese words audio pdfs
My First Japanese Kanji Book Downloadable Cd Content	https://www.tuttlepublishing.com/my first japanese kanji book downloadable cd content
My First Origami Animals Kit	https://www.tuttlepublishing.com/my first origami animals kit
My First Origami Fairy Tales Kit	https://www.tuttlepublishing.com/my first origami fairy tales kit
My First Origami Kit Pdfs	https://www.tuttlepublishing.com/my first origami kit pdfs
Nail Art Kit	https://www.tuttlepublishing.com/nail art kit
Next Generation Paper Airplanes Kit Videos And Pdfs	https://www.tuttlepublishing.com/next generation paper airplanes kit videos and pdfs
Beginning Origami Kit Downloadable Cd Content	https://www.tuttlepublishing.com/beginning origami kit downloadable cd content
Okinawa And The Ryukyu Islands Maps	https://www.tuttlepublishing.com/okinawa and the ryukyu islands maps
Once Upon A Time In Japan Audio	https://www.tuttlepublishing.com/once upon a time in japan audio
One Minute Paper Airplanes Kit Pdf	https://www.tuttlepublishing.com/one minute paper airplanes kit pdf
Origami Activities For Kids	https://www.tuttlepublishing.com/origami activities for kids
Origami Airplanes Fun Pack Pdfs	https://www.tuttlepublishing.com/origami airplanes fun pack pdfs
Origami Animal Sculpture Videos	https://www.tuttlepublishing.com/origami animal sculpture videos
Origami Animals Kit Pdf	https://www.tuttlepublishing.com/origami animals kit pdf
Origami Architecture Pdfs	https://www.tuttlepublishing.com/origami architecture pdfs
Origami Architecture Kit Pdfs	https://www.tuttlepublishing.com/origami architecture kit pdfs
Origami Birds Kit Pdfs	https://www.tuttlepublishing.com/origami birds kit pdfs
Origami Bonsai Videos	https://www.tuttlepublishing.com/origami bonsai videos
Origami Bonsai Kit Videos And Pdf	https://www.tuttlepublishing.com/origami bonsai kit videos and pdf
Origami Bugs Kit Pdf	https://www.tuttlepublishing.com/origami bugs kit pdf
Origami Butterflies Mini Kit Videos	https://www.tuttlepublishing.com/origami butterflies mini kit videos
Origami City Kit Pdfs	https://www.tuttlepublishing.com/origami city kit pdfs
Origami Dragons Kit	https://www.tuttlepublishing.com/origami dragons kit
Origami Dinosaurs Kit Pdf	https://www.tuttlepublishing.com/origami dinosaurs kit pdf
Origami Endangered Animals	https://www.tuttlepublishing.com/origami endangered animals
Origami For Busy People Pdf	https://www.tuttlepublishing.com/origami for busy people pdf
Origami Fish And Other Sea Creatures Kit Demos	https://www.tuttlepublishing.com/origami fish and other sea creatures kit demos
Origami Fun For Kids Videos Pdfs	https://www.tuttlepublishing.com/origami fun for kids videos pdfs
Origami Galaxy For Kids	https://www.tuttlepublishing.com/origami galaxy for kids
Origami Gift Cards Kit	https://www.tuttlepublishing.com/origami gift cards kit
Origami Human	https://www.tuttlepublishing.com/origami human
Origami Ikebana Videos And Pdfs	https://www.tuttlepublishing.com/origami ikebana videos and pdfs
Origami Jungle Kit Pdf	https://www.tuttlepublishing.com/origami jungle kit pdf
Origami Love Notes Kit Pdf	https://www.tuttlepublishing.com/origami love notes kit pdf
Origami Magic Kit Videos	https://www.tuttlepublishing.com/origami magic kit videos
Origami Masters Kit	https://www.tuttlepublishing.com/origami masters kit
Origami Odyssey Videos	https://www.tuttlepublishing.com/origami odyssey videos
Origami Paper In A Box Abstract Patterns Pdfs	https://www.tuttlepublishing.com/origami paper in a box abstract patterns pdfs
Origami Paper In A Box Japanese Patterns Pdfs	https://www.tuttlepublishing.com/origami paper in a box japanese patterns pdfs
Origami Peace Cranes Pdf	https://www.tuttlepublishing.com/origami peace cranes pdf
Origami Playtime Book One Animals Pdf	https://www.tuttlepublishing.com/origami playtime book one animals pdf
Origami Playtime Toy Shop Pdf	https://www.tuttlepublishing.com/origami playtime toy shop pdf
Origami Spectacular Kit Pdfs	https://www.tuttlepublishing.com/origami spectacular kit pdfs
Origami Stationery Kit Pdfs	https://www.tuttlepublishing.com/origami stationery kit pdfs
Origami Studio Kit Videos	https://www.tuttlepublishing.com/origami studio kit videos
Origami Toy Monsters Kit Pdfs	https://www.tuttlepublishing.com/origami toy monsters kit pdfs
Origami Zoo Kit Pdfs	https://www.tuttlepublishing.com/origami zoo kit pdfs
Out Of This World Paper Airplanes Kit Pdf	https://www.tuttlepublishing.com/out of this world paper airplanes kit pdf
Planes For Brains Video	https://www.tuttlepublishing.com/planes for brains video
Practical Korean Audio	https://www.tuttlepublishing.com/practical korean audio
Reading Writing Burmese	https://www.tuttlepublishing.com/reading writing burmese
Reading And Writing Farsi	https://www.tuttlepublishing.com/reading and writing farsi
Reading And Writing Japanese	https://www.tuttlepublishing.com/reading and writing japanese
Reading And Writing Japanese Hiragana	https://www.tuttlepublishing.com/reading and writing japanese hiragana
Reading And Writing Japanese Katakana2	https://www.tuttlepublishing.com/reading and writing japanese katakana2
Reading And Writing Korean	https://www.tuttlepublishing.com/reading and writing korean
Reading And Writing Thai	https://www.tuttlepublishing.com/reading and writing thai
Reading And Writing Vietnamese	https://www.tuttlepublishing.com/reading and writing vietnamese
Record Breaking Paper Airplanes Kit Pdf	https://www.tuttlepublishing.com/record breaking paper airplanes kit pdf
Salamaat Learning Arabic With Ease Downloadable Content	https://www.tuttlepublishing.com/salamaat learning arabic with ease downloadable content
The Samurai Sword Video	https://www.tuttlepublishing.com/the samurai sword video
Sew Sweet Handmade Clothes For Girls Pdfs	https://www.tuttlepublishing.com/sew sweet handmade clothes for girls pdfs
Simple Origami Airplanes Pdf	https://www.tuttlepublishing.com/simple origami airplanes pdf
Simple Origami Airplanes Kit Videos And Pdfs	https://www.tuttlepublishing.com/simple origami airplanes kit videos and pdfs
Simple Origami Airplanes Mini Kit Videos Pdfs	https://www.tuttlepublishing.com/simple origami airplanes mini kit videos pdfs
Star Fleet Paper Airplanes For Kids	https://www.tuttlepublishing.com/star fleet paper airplanes for kids
Story Gami Kit Videos	https://www.tuttlepublishing.com/story gami kit videos
Stylish Wraps Sewing Book Pdfs	https://www.tuttlepublishing.com/stylish wraps sewing book pdfs
Sumi E Videos	https://www.tuttlepublishing.com/sumi e videos
Supercool Paper Airplanes Kit Pdfs	https://www.tuttlepublishing.com/supercool paper airplanes kit pdfs
Taekwondo Grappling Techniques Videos	https://www.tuttlepublishing.com/taekwondo grappling techniques videos
Tagalog For Beginners Audio Pdfs	https://www.tuttlepublishing.com/tagalog for beginners audio pdfs
Tagalog Picture Dictionary	https://www.tuttlepublishing.com/Tagalog Picture Dictionary
Tagalog Stories For Language Learners	https://www.tuttlepublishing.com/tagalog stories for language learners
Thai Picture Dictionary	https://www.tuttlepublishing.com/Thai Picture Dictionary
The Essential Karate Book Videos	https://www.tuttlepublishing.com/the essential karate book videos
The Life And Zen Haiku Poetry Of Santoka Taneda	https://www.tuttlepublishing.com/the life and zen haiku poetry of santoka taneda
The Ninja Defense Videos	https://www.tuttlepublishing.com/the ninja defense videos
The Power Of Shaolin Kung Fu Videos	https://www.tuttlepublishing.com/the power of shaolin kung fu videos
The Twelve Animals Of The Chinese Zodiac	https://www.tuttlepublishing.com/the twelve animals of the chinese zodiac
The Well Dressed Dog	https://www.tuttlepublishing.com/the well dressed dog
Trash Origami Videos	https://www.tuttlepublishing.com/trash origami videos
Japanese For Beginners Audio	https://www.tuttlepublishing.com/japanese for beginners audio
Tuttle Japanese For Kids Flashcards Downloadable Cd Content	https://www.tuttlepublishing.com/tuttle japanese for kids flashcards downloadable cd content
Tuttle Korean For Kids Flashcards Audio	https://www.tuttlepublishing.com/tuttle korean for kids flashcards audio
Tuttle Learning Japanese Kanji Software	https://www.tuttlepublishing.com/tuttle learning japanese kanji software
Tuttle Tagalog For Kids Flashcards Audio	https://www.tuttlepublishing.com/tuttle tagalog for kids flashcards audio
Ultimate Friendship Bracelets Kit Videos	https://www.tuttlepublishing.com/ultimate friendship bracelets kit videos
Ultimate Kempo Video	https://www.tuttlepublishing.com/ultimate kempo video
Ultimate Origami For Beginners Kit Videos	http://tuttlepublishing.com/ultimate origami for beginners kit videos
Ultimate Paper Airplanes For Kids Pdfs	https://www.tuttlepublishing.com/ultimate paper airplanes for kids pdfs
Playlist?List=Plnyr0Ay6Zmgdl1Glqa0W11Rhjqlmf1 7M	https://www.youtube.com/playlist?list=PLnyR0aY6ZMGdL1GlQA0w11rhJQlMF1 7M
Vietnamese Flash Cards Kit Audio	https://www.tuttlepublishing.com/vietnamese flash cards kit audio
Vietnamese Folktales For Children	https://www.tuttlepublishing.com/vietnamese folktales for children
Vietnamese Picture Dictionary	https://tuttlepublishing.com/vietnamese picture dictionary
Vietnamese Stories For Language Learners Audio	https://www.tuttlepublishing.com/vietnamese stories for language learners audio
Jiu Jitsu Strategies And Tactics For Self Defense Video	https://www.tuttlepublishing.com/jiu jitsu strategies and tactics for self defense video
Written Chinese Made Easy	https://www.tuttlepublishing.com/written chinese made easy
Written Japanese Made Easy	https://www.tuttlepublishing.com/written japanese made easy