description	term
stagnation; at a standstill; bogged down	停滞 tíng zhì
pavilion	亭子 tíng zi
tall and straight	挺拔 tǐng bá
inflation	通货膨胀 tōng huò péng zhàng
common; everyday; average	通俗 tōng sú
common (use); interchangeable	通用 tōng yòng
born of the same parents; fellow citizen or countryman	同胞 tóng bāo
children's fairy tales	童话 tóng huà
copper mine	铜矿 tóng kuàng
comrade; homosexual (slang); CL:個|个[gè]	同志 tóng zhì
an overall plan taking into account all factors	统筹兼顾 tǒng chóu jiān gù
statistics; to count; to add up	统计 tǒng jì
totally	统统 tǒng tǒng
to speculate (on financial markets); opportunistic; congenial; agreeable	投机 tóu jī
to vote; vote	投票 tóu piào
to surrender; surrender	投降 tóu xiáng
to throw sth a long distance; to hurl	投掷 tóu zhì
bald; blunt	秃 tū
to break through; to make a breakthrough; to surmount or break the back of (a task etc); (of ball sports) to break through a defense	突破 tū pò
design; pattern	图案 tú àn
apprentice; disciple	徒弟 tú dì
way; channel	途径 tú jìng
to paint; to smear; to doodle	涂抹 tú mǒ
soil	土壤 tǔ rǎng
a rally; to hold a rally; to join forces	团结 tuán jié
group; organization; team; CL:個|个[gè]	团体 tuán tǐ
member; group member	团员 tuán yuán
speculation; to conjecture; to surmise; to speculate	推测 tuī cè
overthrow	推翻 tuī fān
reasoning; speculative; inference	推理 tuī lǐ
to infer; a deduction; a corollary; a reasoned conclusion	推论 tuī lùn
to market; to sell	推销 tuī xiāo
to swallow; to gulp	吞咽 tūn yàn
to separate oneself from; to break away from; diastasis (medicine); abscission; abjunction (botany)	脱离 tuō lí
to adjourn; to delay; to defer; adjournment; procrastination	拖延 tuō yán
to consign (goods); to check through (baggage)	托运 tuō yùn
appropriate; proper; ready	妥当 tuǒ dang
appropriate; proper	妥善 tuǒ shàn
to compromise; to reach terms; a compromise	妥协 tuǒ xié
oval; ellipse; elliptic	椭圆 tuǒ yuán
spittle; saliva	唾沫 tuò mo
to excavate; to dig; to unearth	挖掘 wā jué
baby; small child; doll	娃娃 wá wa
to collapse; to disintegrate; to crumble	瓦解 wǎ jiě
Wow!; sound of child's crying	哇 wa
to distort; to misrepresent	歪曲 wāi qū
external; outside; outward appearance	外表 wài biǎo
layman; amateur	外行 wài háng
the outside world; external	外界 wài jiè
outward-looking; extrovert; extroverted (personality); export-oriented (economy)	外向 wài xiàng
pill	丸 wán
faultless; complete; perfect; to leave nothing to be desired	完备 wán bèi
to finish; to end; to complete	完毕 wán bì
stubborn; obstinate	顽固 wán gù
to play with; to engage in; to resort to; to dally with	玩弄 wán nòng
tenacious; hard to defeat	顽强 wán qiáng
toy; plaything; thing; act; trick (in a performance, stage show, acrobatics etc)	玩意儿 wán yì r5
to retrieve; to redeem	挽回 wǎn huí
to save; to remedy; to rescue	挽救 wǎn jiù
to feel sorry for a person over sth that should have happened	惋惜 wǎn xī
very much; extremely; one ten thousandth part	万分 wàn fēn
habitually in the past; as one used to do formerly; as it used to be	往常 wǎng cháng
network (computing, telecommunications, transport etc); Internet	网络 wǎng luò
past events; former happenings	往事 wǎng shì
to attempt vainly; a vain attempt	妄想 wàng xiǎng
negligible; insignificant	微不足道 wēi bù zú dào
might; awe-inspiring authority; impressive	威风 wēi fēng
micro-; sub-atomic	微观 wēi guān
crisis; CL:個|个[gè]	危机 wēi jī
might; formidable power	威力 wēi lì
prestige	威望 wēi wàng
(of a government, etc.) prestige and public reliance	威信 wēi xìn
to violate; to be contrary to	违背 wéi bèi
to keep; to maintain; to preserve	维持 wéi chí
only; just (i.e. it is only that...); all except; unique	唯独 wéi dú
feel embarrassed or awkward; to make things difficult (for someone); to find things difficult (to do or manage)	为难 wéi nán
(to be done) by (a certain date); lasting (a certain time)	为期 wéi qī
vitamin	维生素 wéi shēng sù
head; be headed by	为首 wéi shǒu
maintenance (of equipment); to protect and maintain	维修 wéi xiū
committee member; committee; council; CL:個|个[gè]	委员 wěi yuán
to forge; to fake; to counterfeit	伪造 wěi zào
to fear; to dread; foreboding	畏惧 wèi jù
appetite	胃口 wèi kǒu
unavoidable; a bit too much; over the top (you exaggerate)	未免 wèi miǎn
to express sympathy, greetings, consolation etc	慰问 wèi wèn
(space) satellite; CL:顆|颗[kē]	卫星 wèi xīng
to be located at; to be situated at; to lie	位于 wèi yú
temperate zone	温带 wēn dài
moderate (policy etc)	温和 wēn hé
diploma	文凭 wén píng
cultural relic; historical relic; CL:件[jiàn],個|个[gè]	文物 wén wù
document	文献 wén xiàn
elegant; refined	文雅 wén yǎ
literature and art	文艺 wén yì
to be published; to come out	问世 wèn shì
nest; pit or hollow on the human body; lair; den; place; to harbor or shelter; to hold in check; to bend; classifier for litters and broods	窝 wō
jet-black; dark	乌黑 wū hēi
slander	污蔑 wū miè
to entrap; to frame; to plant false evidence against sb	诬陷 wū xiàn
matchless	无比 wú bǐ
free; no charge; at no cost	无偿 wú cháng
without any sense of shame; unembarrassed; shameless	无耻 wú chǐ
not to have access; beyond one's authority or capability; sth one has no way of doing	无从 wú cóng
aloof; indifferent; unconcerned	无动于衷 wú dòng yú zhōng
only; nothing else	无非 wú fēi
dispirited and downcast (idiom); listless; in low spirits; washed out	无精打采 wú jīng dǎ cǎi
(idiom) "no comment"	无可奉告 wú kě fèng gào
have no way out; have no alternative; abbr. to 無奈|无奈 [wú nài]	无可奈何 wú kě nài hé
hoodlum; rascal; rogue; rascally; scoundrelly	无赖 wú lài
to make trouble without reason (idiom); deliberately awkward; pointless provocation; willful trouble maker	无理取闹 wú lǐ qǔ nào
impotent (idiom); powerless; helpless	无能为力 wú néng wéi lì
vast and limitless (idiom); endless span of time; no vestige of a beginning, no prospect of an end	无穷无尽 wú qióng wú jìn
in every possible way (idiom); meticulous	无微不至 wú wēi bù zhì
carefree and without worries (idiom)	无忧无虑 wú yōu wú lǜ
ignorance	无知 wú zhī
dance	舞蹈 wǔ dǎo
to insult; to humiliate; dishonor	侮辱 wǔ rǔ
martial arts chivalry (Chinese literary, theatrical and cinema genre); knight-errant	武侠 wǔ xiá
arms; equipment; to arm; military; armed (forces)	武装 wǔ zhuāng
do not	勿 wù
must; to need to; to be sure to	务必 wù bì
difference; error; inaccuracy	误差 wù chā
to misunderstand; to misread; misunderstanding	误解 wù jiě
cheap and fine; attractive in price and quality	物美价廉 wù měi jià lián
pragmatic; dealing with concrete issues	务实 wù shí
goods and materials	物资 wù zī
creek; rivulet	溪 xī
knee	膝盖 xī gài
to stop burning; to go out (of fire); to die out; extinguished	熄灭 xī miè
to absorb; to draw (a lesson, insight etc); to assimilate	吸取 xī qǔ
formerly; in olden days	昔日 xī rì
to sacrifice oneself; to lay down one's life; to do sth at the expense of; beast slaughtered for sacrifice; sacrifice; CL:個|个[gè]	牺牲 xī shēng
sunset; the setting sun	夕阳 xī yáng
daughter-in-law; wife (of a younger man); young married woman; young woman	媳妇 xí fu
an attack (esp. surprise attack); raid; to attack	袭击 xí jī
custom; tradition; local tradition; convention	习俗 xí sú
a delight to see (idiom); an attractive spectacle	喜闻乐见 xǐ wén lè jiàn
happy; joyous	喜悦 xǐ yuè
cell (biology)	细胞 xì bāo
bacterium; germ; CL:種|种[zhǒng]	细菌 xì jūn
series	系列 xì liè
delicate; fine; careful; meticulous; painstaking	细致 xì zhì
red clouds	霞 xiá
narrow; tight; narrow minded; lacking in experience	狭隘 xiá ài
canyon; gill; ravine	峡谷 xiá gǔ
narrow	狭窄 xiá zhǎi
summer camp	夏令营 xià lìng yíng
subordinate; underling	下属 xià shǔ
advanced (technology); to advance	先进 xiān jìn
bright; clear-cut; distinct	鲜明 xiān míng
to lift; to raise in height; to begin; upsurge; to set off (a campaign)	掀起 xiān qǐ
before; previously	先前 xiān qián
fiber; CL:種|种[zhǒng]	纤维 xiān wéi
bow string; string of musical instrument; watchspring; chord (segment of curve); hypotenuse; CL:根[gēn]	弦 xián
to dislike; suspicion; resentment; enmity; abbr. for 嫌犯|嫌犯[xián fàn], criminal suspect	嫌 xián
digression; gossip; complaint; scandal; CL:段[duàn]	闲话 xián huà
chaste; virtuous	贤惠 xián huì
to join together; to combine	衔接 xián jiē
suspicion; (be) suspected (of)	嫌疑 xián yí
outstanding; notable; remarkable	显著 xiǎn zhù
lit. actual location; the scene (of the incident); on-the-spot	现场 xiàn chǎng
ready-made; readily available	现成 xiàn chéng
constitution (of a country)	宪法 xiàn fǎ
to frame (up); to make false charges against	陷害 xiàn hài
stuffing; filling, e.g. in 包子[bǎo zi] or 饺子[jiǎo zi]	馅儿 xiàn r5
to sink into; to get caught up in; to land in (a predicament)	陷入 xiàn rù
trail; clues; thread (of a story)	线索 xiàn suǒ
current situation	现状 xiàn zhuàng
to differ; discrepancy between	相差 xiāng chà
equal; equally; equivalent	相等 xiāng děng
to complement one another (idiom)	相辅相成 xiāng fǔ xiāng chéng
to inlay; to embed; to set (e.g. a jewel in a ring); tiling; tesselation	镶嵌 xiāng qiàn
to correspond; answering (one another); to agree (among the part); corresponding; relevant; appropriate; (modify) accordingly	相应 xiāng yìng
village; township	乡镇 xiāng zhèn
to think up every possible method (idiom); to devise ways and means; to try this, that and the other	想方设法 xiǎng fāng shè fǎ
loud and clear; resounding	响亮 xiǎng liàng
respond to; answer; CL:個|个[gè]	响应 xiǎng yìng
lane; alley	巷 xiàng
neck; sum; funds	项 xiàng
guide	向导 xiàng dǎo
always; all along	向来 xiàng lái
to yearn for; to look forward to	向往 xiàng wǎng
to eliminate; to remove	消除 xiāo chú
to disinfect; to sterilize	消毒 xiāo dú
fire-fighting; fire control	消防 xiāo fáng
to use up; to consume	消耗 xiāo hào
to destroy (by melting or burning); to obliterate	销毁 xiāo huǐ
negative; passive; inactive	消极 xiāo jí
stingy; petty; miserly; narrow-minded	小气 xiǎo qi
cautious and solemn (idiom); very carefully; prudent; gently and cautiously	小心翼翼 xiǎo xīn yì yì
filial piety; to be obedient to one's parents	孝顺 xiào shun
portrait	肖像 xiào xiàng
benefit	效益 xiào yì
to carry (on one's person); to support (old); Taiwan pr. xī dài	携带 xié dài
an association; a society; CL:個|个[gè],家[jiā]	协会 xié huì
to consult with; to talk things over; agreement	协商 xié shāng
agreement; pact; protocol; CL:項|项[xiàng]	协议 xié yì
provide assistance; aid	协助 xié zhù
writing; written works	写作 xiě zuò
crumbs; filings; worthwhile	屑 xiè
to refuse politely	谢绝 xiè jué
to leak (information); to divulge	泄露 xiè lù
discouraged; dejected; demoralized; despairing; to want to give up; to deflate (air from a tyre)	泄气 xiè qì
metabolism (biology); the new replaces the old (idiom)	新陈代谢 xīn chén dài xiè
knowledge gained; CL:個|个[gè]	心得 xīn dé
bridegroom; groom	新郎 xīn láng
bright; smart; quick-witted; heart; thoughts; spirit	心灵 xīn líng
bride	新娘 xīn niáng
hardworking; industrious	辛勤 xīn qín
salary; wage	薪水 xīn shuǐ
attitude (of the heart); state of one's psyche; way of thinking; mentality	心态 xīn tài
to love dearly; the pain of love	心疼 xīn téng
to be gratified	欣慰 xīn wèi
luxuriant growth (idiom); flourishing; thriving	欣欣向荣 xīn xīn xiàng róng
heart's blood; expenditure (for some project); meticulous care	心血 xīn xuè
one's thoughts; mind; intention; willingness to accept new ideas; baseless suspicions	心眼儿 xīn yǎn r5
lit. new bud; fig. new and original	新颖 xīn yǐng
to trust; to have confidence in; to have faith in; to rely on	信赖 xìn lài
faith; belief; conviction	信念 xìn niàn
to believe in (a religion); firm belief; conviction	信仰 xìn yǎng
prestige; distinction; reputation; trust	信誉 xìn yù
fishy (smell)	腥 xīng
happy and excited (idiom); in high spirits; in great delight	兴高采烈 xīng gāo cǎi liè
Xinglong county in Chengde 承德[Chéng dé], Hebei	兴隆 Xīng lóng
prosperous; thriving; to prosper; to flourish	兴旺 xīng wàng
criminal; penal	刑事 xíng shì
shape; form; pattern; morphology	形态 xíng tài
administration; administrative	行政 xíng zhèng
sex appeal; eroticism; sexuality; sexy	性感 xìng gǎn
fortunately	幸好 xìng hǎo
life	性命 xìng mìng
function; performance	性能 xìng néng
nature; temperament	性情 xìng qíng
to become exhilarated (idiom); in high spirits; full of zest	兴致勃勃 xìng zhì bó bó
fierce; ferocious; fiendish; frightening	凶恶 xiōng è
one's bosom (the seat of emotions); breast; broad-minded and open; to think about; to cherish	胸怀 xiōng huái
assailant; murderer; assassin	凶手 xiōng shǒu
chest	胸膛 xiōng táng
robust; strong and solid	雄厚 xióng hòu
(a feeling of) shame	羞耻 xiū chǐ
restoration	修复 xiū fù
to build; to construct	修建 xiū jiàn
to repair; to perform maintenance; to overhaul; to fix; to prune; to trim	修理 xiū lǐ
accomplishment; training; self-cultivation	修养 xiū yǎng
to embroider	绣 xiù
sense of smell	嗅觉 xiù jué
false; phony; pretense	虚假 xū jiǎ
requirement; demand (economics)	需求 xū qiú
vanity	虚荣 xū róng
false; hypocritical; artificial; sham	虚伪 xū wěi
prerequisites; rules that must be known before starting sth	须知 xū zhī
to allow; to permit	许可 xǔ kě
heavy drinking; to get drunk; to drink to excess	酗酒 xù jiǔ
to raise animals	畜牧 xù mù
preface; introductory remarks; preamble; prelude	序言 xù yán
to swear an oath (of office); to make a vow	宣誓 xuān shì
to proclaim; to make public or well known	宣扬 xuān yáng
to suspend; to hang; suspension (cable car)	悬挂 xuán guà
melody; rhythm	旋律 xuán lǜ
suspense in a movie, play etc; concern for sb's welfare	悬念 xuán niàn
cliffside	悬崖峭壁 xuán yá qiào bì
to rotate; to revolve; to spin; to whirl	旋转 xuán zhuǎn
to select the best	选拔 xuǎn bá
athlete; contestant	选手 xuǎn shǒu
to weaken	削弱 xuē ruò
educational background; academic qualifications	学历 xué lì
theory; doctrine	学说 xué shuō
academic degree, e.g.: BSc 學士學位|学士学位[xué shì xué wèi], MSc 碩士學位|硕士学位[shuò shì xué wèi], Diploma 學位證書|学位证书[xué wèi zhèng shū], PhD 博士學位|博士学位[bó shì xué wèi]	学位 xué wèi
to add hail to snow (idiom); one disaster on top of another; to make things worse in a bad situation	雪上加霜 xuě shàng jiā shuāng
blood pressure	血压 xuè yā
nurturing (i.e. assimilate some branch of culture); seeped in	熏陶 xūn táo
to cycle; to circulate; circle; loop	循环 xún huán
to patrol (police, army or navy)	巡逻 xún luó
to look for	寻觅 xún mì
in sequence, step by step (idiom); to make steady progress incrementally	循序渐进 xún xù jiàn jìn
deposit; cash pledge	押金 yā jīn
to oppress; to repress; to constrict; oppression; stress (physics)	压迫 yā pò
money given to children as new year present	压岁钱 yā suì qián
to compress; compression	压缩 yā suō
to constrain or repress emotions; oppressive; stifling; depressing; repression	压抑 yā yì
to press; to squeeze; to extract juice, oil etc by squeezing	压榨 yā zhà
to suppress; to inhibit; to stifle	压制 yā zhì
second place (in a sports contest); runner-up	亚军 yà jūn
fireworks and crackers	烟花爆竹 yān huā bào zhú
to submerge; to drown; to flood; to drown out (also fig.)	淹没 yān mò
coastal	沿海 yán hǎi
bitter cold; severe winter	严寒 yán hán
strictly prohibit	严禁 yán jìn
grim; severe; rigorous	严峻 yán jùn
severe; strict	严厉 yán lì
speech; expression of opinion; public opinion	言论 yán lùn
strict; tight (organization, surveillance etc)	严密 yán mì
to delay; to extend; to postpone; to defer	延期 yán qī
blistering hot; sizzling hot (weather)	炎热 yán rè
to extend; to spread	延伸 yán shēn
rock	岩石 yán shí
to continue; to go on; to last	延续 yán xù
to develop; to evolve	演变 yǎn biàn
to conceal; to hide behind; to cover up	掩盖 yǎn gài
vision	眼光 yǎn guāng
to screen; to shield; to cover; protection; cover; CL:面[miàn]	掩护 yǎn hù
lecture; to make a speech	演讲 yǎn jiǎng
a wink; to signal with one's eyes	眼色 yǎn sè
expression or emotion showing in one's eyes; meaningful glance; wink; eyesight (topolect)	眼神 yǎn shén
to conceal a fault; to gloss over	掩饰 yǎn shì
exercise; practice; to put on a play; to act	演习 yǎn xí
now; at present; subocular (medicine)	眼下 yǎn xià
to deduce; to infer	演绎 yǎn yì
to play a musical instrument; to perform music	演奏 yǎn zòu
to check on receipt; an inventory of received goods; to verify and accept (a delivery)	验收 yàn shōu
to loath; to hate; disgusted with sth	厌恶 yàn wù
to inspect and verify; experimental verification	验证 yàn zhèng
oxygen	氧气 yǎng qì
sample; specimen	样品 yàng pǐn
to waver; swaying (of building in an earthquake)	摇摆 yáo bǎi
to shake and boil; rock and roll (music)	摇滚 yáo gǔn
to rock; to shake; to sway	摇晃 yáo huàng
remote control	遥控 yáo kòng
rumor	谣言 yáo yán
distant; remote	遥远 yáo yuǎn
gnashing one's teeth (idiom); displaying extreme anger; fuming with rage between gritted teeth	咬牙切齿 yǎo yá qiè chǐ
otherwise; or else; or	要不然 yào bù rán
main point; essential	要点 yào diǎn
to cause sb's death; very; extremely; frightening; annoying	要命 yào mìng
essential factor; key constituent	要素 yào sù
to dazzle; dazzling	耀眼 yào yǎn
barbarous; uncivilized	野蛮 yě mán
ambition; wild schemes; careerism	野心 yě xīn
in order; in succession	依次 yī cì
for a time; at one time; one time; once	一度 yí dù
single sail, gentle wind (idiom); plain sailing; to go smoothly	一帆风顺 yì fān fēng shùn
consistent; constant; from start to finish; all along; persistent	一贯 yí guàn
as before; still	依旧 yī jiù
one move, two gains (idiom); two birds with one stone	一举两得 yì jǔ liǎng dé
according to; basis; foundation	依据 yī jù
to rely on sth (for support etc); to depend on	依靠 yī kào
to depend on; to be dependent on	依赖 yī lài
top quality; front ranking	一流 yī liú
same; uniformly; all; without exception	一律 yí lǜ
obvious at a glance (idiom)	一目了然 yí mù liǎo rán
just as in the past (idiom); as before; continuing as always	一如既往 yī rú jì wǎng
clothes	衣裳 yī shang
not one thread loose (idiom); strictly according to the rules; meticulous; not one hair out of place	一丝不苟 yì sī bù gǒu
to rely on; to depend on	依托 yī tuō
all along; the whole time; constantly; earlier; lately	一向 yí xiàng
repeatedly	一再 yí zài
heritage; legacy; inheritance; bequest; CL:筆|笔[bǐ]	遗产 yí chǎn
heredity; inheritance; to transmit	遗传 yí chuán
to doubt; to distrust; unconvincing; to puzzle over; misgivings; suspicions	疑惑 yí huò
(leave or be a) legacy; left over; hand down (to next generation)	遗留 yí liú
instrument; apparatus; CL:臺|台[tái]	仪器 yí qì
to lose; lost	遗失 yí shī
ceremony	仪式 yí shì
so that; so as to; in order to	以便 yǐ biàn
in order to avoid; so as not to	以免 yǐ miǎn
in the past; formerly	以往 yǐ wǎng
down to; up to; to such an extent as to ... (also written 以至於|以至于[yǐ zhì yú])	以至 yǐ zhì
to such an extent as to; down to; up to	以致 yǐ zhì
also	亦 yì
wing	翼 yì
exceptional; abnormal; an anomaly	异常 yì cháng
perseverance; willpower	毅力 yì lì
to anticipate; to expect; to reckon ahead	意料 yì liào
firmly; resolutely; without hesitation	毅然 yì rán
consciousness; awareness; consciously (i.e. deliberately); to be aware	意识 yì shí
intent; intention; intend; schematic diagram	意图 yì tú
to signify; to mean; to imply	意味着 yì wèi zhe
disposition	意向 yì xiàng
will; willpower; determination; CL:個|个[gè]	意志 yì zhì
to inhibit; to keep down; to suppress	抑制 yì zhì
plot; conspiracy	阴谋 yīn móu
speakers or speaker (electronic); acoustics; sound field (in a room or theater)	音响 yīn xiǎng
to conceal; to hide; covert; under cover	隐蔽 yǐn bì
to guide; to lead; to conduct; introduction	引导 yǐn dǎo
a danger concealed within sth; hidden damage; misfortune not visible from the surface	隐患 yǐn huàn
to conceal; to hide (a taboo subject); to cover up the truth	隐瞒 yǐn mán
engine (transliteration)	引擎 yǐn qíng
food and drink	饮食 yǐn shí
secrets; sth one hopes to conceal	隐私 yǐn sī
to quote; to cite; to recommend; to appoint	引用 yǐn yòng
vague; faint; indistinct	隐约 yǐn yuē
print	印刷 yìn shuā
infant; baby; CL:個|个[gè]; lead (Pb)	婴儿 yīng ér
wise; brilliant	英明 yīng míng
bravery; gallant; valiant	英勇 yīng yǒng
profit; gain	盈利 yíng lì
directly; head-on (collision); in one's face (of wind)	迎面 yíng miàn
fluorescent screen; TV screen	荧屏 yíng píng
social niceties; social interaction; a dinner party	应酬 yìng chou
at sb's invitation; on invitation	应邀 yìng yāo
to endorse; to support	拥护 yōng hù
filthy; vulgar; debased	庸俗 yōng sú
to have; to possess	拥有 yōng yǒu
eternal; everlasting; fig. to pass into eternity (i.e. to die)	永恒 yǒng héng
to emerge in large numbers; to spring up; to emerge prominently	涌现 yǒng xiàn
to dare to; to be brave enough to	勇于 yǒng yú
to leap; to jump; eager; enthusiastically	踊跃 yǒng yuè
diligent; industrious (in one's studies); to study hard; to make great effort	用功 yòng gōng
user; consumer; subscriber; customer	用户 yòng hù
survival of the fittest	优胜劣汰 yōu shèng liè tài
priority	优先 yōu xiān
exceptional; outstandingly good	优异 yōu yì
sullen; depressed; melancholy; dejected	忧郁 yōu yù
superior; superiority	优越 yōu yuè
grease; greasy food; oily; rich (of food); fatty; greasy and dirty; a slippery character	油腻 yóu nì
oil paints; lacquer; to paint; CL:層|层[céng]	油漆 yóu qī
similar to; appearing to be	犹如 yóu rú
regular and thorough (idiom); methodically arranged	有条不紊 yǒu tiáo bù wěn
to entice; to lure; to induce; to attract	诱惑 yòu huò
young; childish; naive	幼稚 yòu zhì
silly; stupid	愚蠢 yú chǔn
public opinion	舆论 yú lùn
ignorant; uneducated	愚昧 yú mèi
fisherman; fisher folk	渔民 yú mín
to increase steadily; to grow with each passing day	与日俱增 yǔ rì jù zēng
down garment	羽绒服 yǔ róng fú
to give; to impose; to apply	予以 yǔ yǐ
heal; the more...the more; to recover; better	愈 yù
reconciled; smooth	熨 yù
to forecast; to anticipate; expectation	预料 yù liào
expect; expected	预期 yù qī
preliminary competition; to hold preliminary heats	预赛 yù sài
budget	预算 yù suàn
desire; longing; appetite; craving	欲望 yù wàng
beforehand; prior	预先 yù xiān
to predict; prophecy	预言 yù yán
fable; CL:則|则[zé]	寓言 yù yán
omen; prognosis (in medicine)	预兆 yù zhào
hatred; injustice; bad luck; unjust treatment; wronged; not worthwhile	冤枉 yuān wang
complainant; plaintiff	原告 yuán gào
principle; theory	原理 yuán lǐ
gardens; park; landscape garden	园林 yuán lín
satisfactory	圆满 yuán mǎn
fountainhead; well-spring; water source; fig. origin	源泉 yuán quán
first; original; primitive; original (document etc)	原始 yuán shǐ
head of state	元首 yuán shǒu
element; element of a set; chemical element	元素 yuán sù
former; original	原先 yuán xiān
Lantern festival, the final event of the Spring festival 春節|春节, on 15th of first month of the lunar calendar	元宵节 Yuán xiāo jié
to restrict; to limit to; to constrain; restriction; constraint	约束 yuē shù
wife's father, father-in-law	岳父 yuè fù
a musical score; sheet music	乐谱 yuè pǔ
to hold in store; to contain (untapped reserves etc)	蕴藏 yùn cáng
(of alcohol) to ferment; (of a crisis) to be brewing; to mull over (an issue); to hold exploratory discussions	酝酿 yùn niàng
(mathematical) operation	运算 yùn suàn
be in motion; to move; to run	运行 yùn xíng
to be pregnant; to produce offspring; to nurture (a development, school of thought, artwork etc); fig. replete with (culture etc)	孕育 yùn yù
smash; smashed; to fail; to get it wrong	砸 zá
acrobatics; CL:場|场[chǎng]	杂技 zá jì
a hybrid	杂交 zá jiāo
(dialect) why; how; what	咋 zǎ
disaster; catastrophe	灾难 zāi nàn
to grow; to cultivate	栽培 zāi péi
to slaughter livestock; to govern or rule; to cheat customers; Imperial official in dynastic China	宰 zǎi
determined by; to care about; to mind	在乎 zài hu
to continue the struggle (idiom); to persist; unremitting efforts	再接再厉 zài jiē zài lì
to care about; to mind	在意 zài yì
to accumulate; to amass; to hoard; to save	攒 zǎn
for now; for the time being; temporarily	暂且 zàn qiě
to sigh or gasp in admiration; high praise	赞叹 zàn tàn
to approve of; to endorse; (vote) in favor; trad. also written 贊同	赞同 zàn tóng
to praise; to approve of; to show approval	赞扬 zàn yáng
to support; to assist; sponsor	赞助 zàn zhù
to suffer; to sustain (loss, misfortune)	遭受 zāo shòu
to waste; to wreck; to despoil; to abuse; to slander; to insult; to defile; to trample on	糟蹋 zāo tà
to suffer a calamity	遭殃 zāo yāng
to meet with; to encounter; (bitter) experience	遭遇 zāo yù
rebel; revolt	造反 zào fǎn
modeling; mold-making; model or mold; molding	造型 zào xíng
rumble; noise; static	噪音 zào yīn
to blame; to rebuke	责怪 zé guài
thief; wily; deceitful; evil; extremely; disagreeably	贼 zéi
add to; increase	增添 zēng tiān
give as a present; present as a gift	赠送 zèng sòng
slag (in mining or smelting); dregs	渣 zhā
to prick; to run or stick (a needle etc) into; jug (a classifier for liquids such as beer)	扎 zhā
strong; solid; sturdy; firm; practical	扎实 zhā shi
wink	眨 zhǎ
to defraud; to swindle; to blackmail	诈骗 zhà piàn
summary; abstract	摘要 zhāi yào
bond; debenture	债券 zhài quàn
to bask in the light; fig. to benefit from association with sb or sth; reflected glory	沾光 zhān guāng
to revere; to admire	瞻仰 zhān yǎng
to chop the nail and slice the iron (idiom); resolute and decisive; unhesitating; definitely; without any doubt	斩钉截铁 zhǎn dīng jié tiě
to reveal; to display; to show; to exhibit sth	展示 zhǎn shì
outlook; prospect; to look ahead; to look forward to	展望 zhǎn wàng
to come out; to emerge	展现 zhǎn xiàn
brand new	崭新 zhǎn xīn
to fight; to battle; CL:場|场[cháng],次[cì]	战斗 zhàn dòu
to occupy; to hold	占据 zhàn jù
to occupy (a territory); to hold	占领 zhàn lǐng
strategy	战略 zhàn lüè
tactics	战术 zhàn shù
military campaign	战役 zhàn yì
to have; to own; to hold; to possess	占有 zhàn yǒu
rules; regulations; constitution; statute; articles of association (of company); articles of incorporation; charter (of a corporation); by-laws	章程 zhāng chéng
elder generation	长辈 zhǎng bèi
barrier; obstruction; hindrance; impediment; obstacle	障碍 zhàng ài
tent; CL:頂|顶[dǐng],座[zuò]	帐篷 zhàng peng
full of youthful energy (idiom); vigorous; energetic; a bright spark	朝气蓬勃 zhāo qì péng bó
to hire; to recruit	招收 zhāo shōu
bidding; tender	招投标 zhāo tóu biāo
to be fascinated; to be captivated	着迷 zháo mí
marsh; swamp; wetlands; glade	沼泽 zhǎo zé
to tend; to take care of sb	照料 zhào liào
as before; (same) as usual	照样 zhào yàng
shine; illuminate	照耀 zhào yào
to correlate with; to correspond to	照应 zhào yìng
to shelter from; to keep out	遮挡 zhē dǎng
to toss from side to side (e.g. sleeplessly); to repeat sth over and over again; to torment sb; to play crazy	折腾 zhē teng
to break; to snap; to suffer the loss of; to turn; to bend; to admire; to amount to; to discoun; to fold; turning stroke (in Chinese character); booklet	折 zhé
to persecute; to torment	折磨 zhé mó
precious	珍贵 zhēn guì
detective; to do detective work	侦探 zhēn tàn
rare; precious and uncommon	珍稀 zhēn xī
the truth about sth; the actual facts	真相 zhēn xiàng
sincere; sincerity	真挚 zhēn zhì
pearl	珍珠 zhēn zhū
to consider; to deliberate; to fill up a cup to the brim	斟酌 zhēn zhuó
position; front	阵地 zhèn dì
calm; unperturbed; cool	镇定 zhèn dìng
to stir oneself up; to raise one's spirits; to inspire	振奋 zhèn fèn
to shock; to astonish	震惊 zhèn jīng
calm; cool	镇静 zhèn jìng
troop arrangement; battle formation; line-up (of a sports team etc)	阵容 zhèn róng
Zhengxing district of Dandong city 丹東市|丹东市[Dān dōng shì], Liaoning	振兴 Zhèn xīng
suppression; repression; to suppress; to put down; to quell	镇压 zhèn yā
dispute; controversy; conflict	争端 zhēng duān
fight over; contest; vie over	争夺 zhēng duó
to evaporate; evaporation	蒸发 zhēng fā
conquer; subdue; vanquish	征服 zhēng fú
to work hard for sth; to resolve on improvement; determined not to fall short	争气 zhēng qì
to levy (a fine); to impose (a tariff)	征收 zhēng shōu
striving to be first and fearing to be last (idiom); outdoing one another	争先恐后 zhēng xiān kǒng hòu
controversy; dispute	争议 zhēng yì
first month of the lunar year	正月 zhēng yuè
to struggle; struggling	挣扎 zhēng zhá
to tidy up; to reorganize; to consolidate; to rectify	整顿 zhěng dùn
honest; reasonable; fair; sensible; timely; just (when needed)	正当 zhèng dāng
positive and negative	正负 zhèng fù
regular; according to standards	正规 zhèng guī
decent; honorable; proper; serious; according to standards	正经 zhèng jing
healthy environment; healthy atmosphere; righteousness; vital energy (in Chinese medicine)	正气 zhèng qì
regime; (wield) political power	政权 zhèng quán
to confirm (sth to be true); to verify	证实 zhèng shí
credentials; certificate	证书 zhèng shū
justice; righteous; righteousness	正义 zhèng yì
serious	郑重 zhèng zhòng
symptom (of an illness)	症状 zhèng zhuàng
branch; classifier for sticks, rods, pencils etc	枝 zhī
to prop up; to support; strut; brace	支撑 zhī chēng
to spend; to pay out; expense	支出 zhī chū
body fat	脂肪 zhī fáng
perception; consciousness	知觉 zhī jué
tributary (river)	支流 zhī liú
to dominate; to allocate	支配 zhī pèi
to provide assistance; to support; to back	支援 zhī yuán
mainstay; pillar; prop; backbone	支柱 zhī zhù
satisfied with what one has (idiom)	知足常乐 zhī zú cháng lè
to work a shift; on duty	值班 zhí bān
live broadcast (not recorded); direct internet broadcasting	直播 zhí bō
colony	殖民地 zhí mín dì
function; role	职能 zhí néng
post; office; position	职位 zhí wèi
post; position; job; duties	职务 zhí wù
norm; index; target	指标 zhǐ biāo
to appoint; to assign; to indicate clearly and with certainty; designated	指定 zhǐ dìng
fingernail	指甲 zhǐ jia
order; command; instruction	指令 zhǐ lìng
compass	指南针 zhǐ nán zhēn
to point out; to indicate; to instruct; directives; instructions; CL:個|个[gè]	指示 zhǐ shì
to hope for sth; to count on; hope	指望 zhǐ wàng
to criticize; to find fault with; to denounce	指责 zhǐ zé
law and order; public security	治安 zhì ān
to punish; punishment; sanctions (incl. economic)	制裁 zhì cái
to express in words or writing; to make a speech (esp. short introduction, vote of thanks, afterword, funeral homily etc); to address (an audience); same as 致詞|致词	致辞 zhì cí
to work out; to formulate	制订 zhì dìng
to subdue; to check; to bring under control; (in former times) what one is allowed to wear depending on social status; uniform (army, party, school etc); livery (for company employees); CL:套[tào]	制服 zhì fú
to govern; to administer; to manage; to control	治理 zhì lǐ
intelligence; intellect	智力 zhì lì
to devote to; to dedicate to	致力于 zhì lì yú
to detain; retention	滞留 zhì liú
intelligent; able; smart (phone, system, bomb etc)	智能 zhì néng
ambition; resolve; backbone; drive; spirit	志气 zhì qì
IQ (intelligence quotient)	智商 zhì shāng
to cause; to result in	致使 zhì shǐ
to restrict; condition	制约 zhì yuē
to curb; to put a stop to; to stop; to check; to limit	制止 zhì zhǐ
devoted; fidelity; loyal; loyalty	忠诚 zhōng chéng
the end; end point; finishing line (in a race); destination; terminus; CL:個|个[gè]	终点 zhōng diǎn
to cut short; to break off; to discontinue	中断 zhōng duàn
in the end; after all is said and done	终究 zhōng jiū
neutral	中立 zhōng lì
entire year; throughout the year; age at death	终年 zhōng nián
lifelong; all one's life; marriage	终身 zhōng shēn
faithful	忠实 zhōng shí
heartfelt; wholehearted; cordial	衷心 zhōng xīn
central; middle; center; central authorities (of a state)	中央 zhōng yāng
to stop; to terminate (law)	终止 zhōng zhǐ
tumor	肿瘤 zhǒng liú
seed; CL:顆|颗[kē],粒[lì]	种子 zhǒng zi
race; ethnicity	种族 zhǒng zú
as everyone knows (idiom)	众所周知 zhòng suǒ zhōu zhī
center of gravity; central core; main part	重心 zhòng xīn
prefecture; state (e.g. of US); province (old); administrative division (old)	州 zhōu
boat	舟 zhōu
porridge (of rice or millet)	粥 zhōu
periphery; rim	周边 zhōu biān
careful; thorough	周密 zhōu mì
anniversary; annual	周年 zhōu nián
period; cycle	周期 zhōu qī
complication; twists and turns; problem; setback	周折 zhōu zhé
turnover (in cash or personnel); to have enough resources to cover a need	周转 zhōu zhuǎn
wrinkle; CL:道[dào]	皱纹 zhòu wén
day and night; period of 24 hours; continuously, without stop	昼夜 zhòu yè
tree trunk; stump (tree root); a plant; classifier for trees or plants; to involve others (in shady business)	株 zhū
(pron) everyone; Ladies and Gentlemen; Sirs	诸位 zhū wèi
year after year; with each passing year; over the years	逐年 zhú nián
to lean on; to prop on	拄 zhǔ
to organize; to host (a conference or sports event)	主办 zhǔ bàn
to lead; to manage	主导 zhǔ dǎo
in charge; responsible for	主管 zhǔ guǎn
main stream (of a river); fig. the essential point; main viewpoint of a matter	主流 zhǔ liú
sovereignty	主权 zhǔ quán
theme; subject	主题 zhǔ tí
assistant	助理 zhù lǐ
injection; to inject	注射 zhù shè
to watch attentively; to gaze	注视 zhù shì
marginal notes; annotation; to annotate; to add comments to text	注释 zhù shì
assistant; helper	助手 zhù shǒu
to cast (pour metal into a mold)	铸造 zhù zào
to station; to garrison (troops)	驻扎 zhù zhā
residence; tenement	住宅 zhù zhái
to pay attention to; to emphasize	注重 zhù zhòng
to write; literary work; book; article; writings; CL:部[bù]	著作 zhù zuò
to drag; to haul	拽 zhuài
specialty; special knowledge or ability	专长 zhuān cháng
special-purpose trip	专程 zhuān chéng
specialized subject; branch (of medicine); specialized training school	专科 zhuān kē
patent	专利 zhuān lì
special topic	专题 zhuān tí
tiles and bricks	砖瓦 zhuān wǎ
to pass on; to convey; to communicate	转达 zhuǎn dá
transfer (technology, goods etc); conveyancing (property)	转让 zhuǎn ràng
to shift; to divert or distract (attention etc); to change; to transform; metastasis (medicine)	转移 zhuǎn yí
shift in the trend of events; plot shift in a book; twists and turns	转折 zhuǎn zhé
biography; CL:篇[piān],部[bù]	传记 zhuàn jì
equipment; to equip; to outfit	装备 zhuāng bèi
to load or unload; to transfer; to assemble and disassemble	装卸 zhuāng xiè
stately	庄严 zhuāng yán
grave; solemn; dignified	庄重 zhuāng zhòng
tents; classifier for houses	幢 zhuàng
spectacular; magnificent sight	壮观 zhuàng guān
magnificence; magnificent; majestic; glorious	壮丽 zhuàng lì
brave; heroic	壮烈 zhuàng liè
mourning; memorial (service etc)	追悼 zhuī dào
investigate; look into	追究 zhuī jiū
norm; standard; criterion	准则 zhǔn zé
to carve and polish (jade); to polish and refine a literary work	琢磨 zhuó mó
to put one's hand to it; to start out on a task; to set out	着手 zhuó shǒu
to give thought (to others); to consider (other people's needs)	着想 zhuó xiǎng
distinction; excellence; outstanding; surpassing; distinguished; splendid	卓越 zhuó yuè
put emphasis on; to stress; to emphasize	着重 zhuó zhòng
capital (as in capitalism)	资本 zī běn
property; assets	资产 zī chǎn
senior (in terms of depth of accumulated experience); deeply qualified	资深 zī shēn
attitude; posture; stance	姿态 zī tài
taste; flavor; feeling	滋味 zī wèi
to grow (usually of abstract things); to yield; to develop	滋长 zī zhǎng
to subsidize; to provide financial aid; subsidy	资助 zī zhù
bullet; CL:粒[lì],顆|颗[kē],發|发[fā]	子弹 zǐ dàn
feeling inferior; self-abased	自卑 zì bēi
spontaneous	自发 zì fā
regeneration through one's own effort (idiom); self-reliance	自力更生 zì lì gēng shēng
complacent; self-satisfied	自满 zì mǎn
letter (of the alphabet); CL:個|个[gè]	字母 zì mǔ
to act for oneself; autonomous	自主 zì zhǔ
tracks; trail; footprint; trace; vestige	踪迹 zōng jì
brown	棕色 zōng sè
objective; aim; goal	宗旨 zōng zhǐ
in short; in a word; in brief	总而言之 zǒng ér yán zhī
sum	总和 zǒng hé
lit. warp and weft in weaving; vertically and horizontal; length and breadth; criss-crossed; able to move unhindered; abbr. for 合縱連橫|合纵连横[Hé zòng Lián héng], School of Diplomacy during the Warring States Period (475 - 221 BC)	纵横 zòng héng
corridor; aisle; hallway; colonnade; passageway; piazza; veranda	走廊 zǒu láng
to leak (of information, liquid etc); to divulge	走漏 zǒu lòu
to smuggle; to have an illicit affair	走私 zǒu sī
to beat up; to break to pieces	揍 zòu
to rent; to lease; to hire	租赁 zū lìn
sufficient to...; so much so that; so that	足以 zú yǐ
to form; to organize; class; section	组 zǔ
to obstruct; to hinder; to block	阻碍 zǔ ài
father's father; paternal grandfather	祖父 zǔ fù
to stop; to obstruct	阻拦 zǔ lán
to thwart; to obstruct (sth)	阻挠 zǔ náo
to study meticulously; to delve into	钻研 zuān yán
diamond; CL:顆|颗[kē]	钻石 zuàn shí
lip; CL:片[piàn]	嘴唇 zuǐ chún
to follow; to abide by; to comply with; compliance	遵循 zūn xún
dignity; sanctity; honor; majesty	尊严 zūn yán
about; approximately; left and right; around; attendant	左右 zuǒ yòu
to practice fraud; to cheat; to engage in corrupt practices	作弊 zuò bì
to act as host	做东 zuò dōng
to become invalid; to cancel; to delete; to nullify	作废 zuò fèi
style; style of work; way	作风 zuò fēng
work and rest	作息 zuò xī
motto; maxim	座右铭 zuò yòu míng
make the decision; take charge of; back up; support; be host	做主 zuò zhǔ
