sentence	en	da	no	sv	is
1	I am in love	Jeg er forelsket	jeg er forelsket	Jag är kär	ég er ástfanginn
2	Don't worry	Det skal du ikke bekymre dig om	Du trenger ikke bekymre deg for det	Oroa dig inte	Þú þarft ekki að hafa áhyggjur af því
3	Have you met her yet?	Har du mødt hende?	Har du møtt henne?	Har du träffat henne ännu?	Hefur þú hitt hana?
4	I have no choice	Jeg har ikke noget valg	jeg har ikke noe valg	Jag har inget val	ég hef ekkert val
5	Sleep well	Sov godt	Sov godt	Sov gott	Sofðu vel
6	I promise	Jeg lover det	jeg lover	Jag lovar	ég lofa
7	Are you religious?	Er du religiøs?	Er du religiøs?	Är du religiös?	Ertu trúaður?
8	The crowds cheered	Mængden jublede	Publikum jublet	Massorna hurrade	Fólkið fagnaði
9	How long is the flight?	Hvor lang tid tager flyveturen?	Hvor lang tid tar flyturen?	Hur lång är flygresan?	Hvað tekur flugið langan tíma?
10	Have a safe journey home	Kom godt hjem	Kom deg trygt hjem	Ha en säker resa hem	Komdu heil heim
11	Help yourself	Værsgo og tag	Gå videre og ta	Ta för dig	Farðu á undan og taktu
12	I will consider it	Jeg vil overveje det	Jeg skal vurdere det	Jag kommer att överväga det	Ég skal íhuga það
13	I have two sisters	Jeg har to søstre	jeg har to søstre	Jag har två systrar	ég á tvær systur
14	Have you arrived?	Er du ankommet?	har du kommet	Har du anlänt?	ertu kominn
15	How do you say it in [language]?	Hvordan siger man det på dansk?	Hvordan sier du det på norsk?	Hur säger man det på [språk]?	Hvernig segirðu það á dönsku?
16	It is too late	Det er for sent	Det er for sent	Det är för sent	Það er of seint
17	Good night	Godnat	God natt	Godnatt	Góða nótt
18	I am forgetful	Jeg er glemsom	Jeg er glemsk	Jag är glömsk	Ég er gleyminn
19	Where are you flying to?	Hvor flyver du hen?	Hvor flyr du til?	Vart flyger du till?	Hvert ertu að fljúga?
20	Turn off the light	Sluk lyset	Slå av lyset	Släck ljuset	Slökktu á ljósinu
21	I'm a little out of practice	Jeg er lidt ude af træning	Jeg er litt tom for trening	Jag är lite ringrostig	Ég er svolítið æfing
22	They overdid it	De gik over gevind	De gikk over bord	De gick för långt	Þeir fóru yfir borð
23	Please put it back	Vær venlig og læg det tilbage	Vennligst sett den tilbake	Lägg tillbaka den	Vinsamlegast settu það aftur
24	I work in a shop	Jeg arbejder i en butik	Jeg jobber i en butikk	Jag arbetar i en butik	Ég vinn í verslun
25	My feelings are intense	Jeg har stærke følelser	Jeg har sterke følelser	Mina känslor är intensiva	Ég hef sterkar tilfinningar
26	What are you thinking about?	Hvad tænker du på?	Hva tenker du på?	Vad tänker du på?	Hvað ertu að hugsa?
27	It's freezing cold	Det er hundekoldt	Det er bitende kaldt	Det är iskallt	Það er skítkalt
28	Have you ever been to Italy?	Har du nogensinde været i Italien?	Har du noen gang vært i Italia?	Har du någonsin varit i Italien?	Hefur þú einhvern tíma komið til Ítalíu?
29	How long will you be staying for?	Hvor længe skal du være her?	Hvor lenge må du være her?	Hur länge kommer du att stanna?	Hversu lengi þarftu að vera hér?
30	Sorry, I don't have a pen	Beklager, jeg har ikke nogen kuglepen	Beklager, jeg har ingen penn	Tyvärr, jag har inte en penna	Því miður á ég engan penna
31	Everyone knows it	Alle ved det	Alle vet det	Alla vet det	Það vita það allir
32	Stay focused	Hold fokus	Behold fokus	Håll dig fokuserad	Haltu þér einbeittri
33	Call an ambulance!	Ring efter en ambulance!	Ring en ambulanse!	Ring en ambulans!	Hringdu á sjúkrabíl!
34	It takes 2 hours by car	Det tager 2 timer i bil	Det tar 2 timer med bil	Det tar 2 timmar med bil	Það tekur 2 tíma með bíl
35	Sorry to hear that	Det er jeg ked af at høre	Jeg beklager å høre	Jag beklagar	Mér þykir leitt að heyra
36	I need to concentrate	Jeg bliver nød til at koncentrere mig	Jeg må konsentrere meg	Jag måste koncentrera mig	Ég verð að einbeita mér
37	He'll be back in 20 minutes	Han kommer tilbage om 20 minutter	Han er tilbake om 20 minutter	Han kommer tillbaka om 20 minuter	Hann kemur aftur eftir 20 mínútur
38	The door is locked	Døren er låst	Døren er låst	Dörren är låst	Hurðin er lokuð
39	I'll take you to the bus stop	Jeg følger dig til busstoppestedet	Jeg følger deg til bussholdeplassen	Jag tar dig till busshållplatsen	Ég mun fylgja þér að strætóskýlinu
40	I'll have the same thing	Jeg vil gerne bede om det samme	Jeg vil gjerne be om det samme	Jag tar samma sak	Mig langar að biðja um það sama
41	Would you take me home?	Vil du følge mig hjem?	Vil du følge meg hjem?	Vill du ta mig hem?	Ætlarðu að fylgja mér heim?
42	At what time did it happen?	Hvad tid skete det?	Når skjedde det?	Vid vilken tidpunkt hände det?	Hvenær gerðist það?
43	What time does the kitchen close?	Hvad tid lukker køkkenet?	Når stenger kjøkkenet?	Vilken tid stänger köket?	Hvenær lokar eldhúsið?
44	I like spicy food	Jeg kan godt lide krydret mad	Jeg liker krydret mat	Jag gillar kryddig mat	Ég elska sterkan mat
45	The advert was dishonest	Annoncen var uærlig	Annonsen var uærlig	Annonsen var oärlig	Auglýsingin var óheiðarleg
46	I ate too much	Jeg spiste for meget	Jeg spiste for mye	Jag åt för mycket	Ég borðaði of mikið
47	Long time no see	Lang tid siden	Lenge siden	Det var länge sedan	Fyrir löngu síðan
48	It was a draw	Det blev uafgjort	Det ble uavgjort	Det blev oavgjort	Það var jafntefli
49	The outcome was bad	Resultatet var dårligt	Resultatet ble dårlig	Utfallet var dåligt	Niðurstaðan var slæm
50	What does this say	Hvad betyder det her?	Hva betyr dette?	Vad betyder detta?	Hvað þýðir þetta?
51	Where did I leave my keys?	Hvor lagde jeg mine nøgler?	Hvor la jeg nøklene mine?	Var lade jag mina nycklar?	Hvar setti ég lyklana?
52	Is it cold outside?	Er det koldt udenfor?	Er det kaldt ute?	Är det kallt ute?	Er kalt úti?
53	You look great	Du ser godt ud	Du ser bra ut	Du ser bra ut	Þú lítur vel út
54	You're beautiful	Du er smuk	Du er vakker	Du är vacker	Þú ert falleg
55	I am bisexual	Jeg er biseksuel	Jeg er bifil	Jag är bisexuell	Ég er tvíkynhneigður
56	Can I try it on?	Må jeg prøve den på?	Kan jeg prøve den på?	Kan jag prova den?	Má ég máta?
57	I'm staying in tonight	Jeg bliver hjemme i aften	Jeg blir hjemme i kveld	Jag stannar hemma ikväll	Ég verð heima í kvöld
58	It's not too far	Det er ikke så langt væk	Det er ikke så langt unna	Det är inte alltför långt	Það er ekki svo langt í burtu
59	It is a gift	Det er en gave	Det er en gave	Den är en gåva	Það er gjöf
60	The roads are slippery	Vejene er glatte	Veiene er glatte	Vägarna är hala	Vegirnir eru greiðfærir
61	I need to study	Jeg bliver nød til at studere	Jeg skal studere	Jag behöver plugga	Ég verð að læra
62	The sea is very rough	Havet er meget oprørt	Sjøen er veldig grov	Det är hård sjö	Sjórinn er mjög úfinn
63	What time did you wake up?	Hvad tid vågnede du?	Når våkner du?	Vilken tid vaknade du?	Hvenær vaknaðir þú?
64	I've been made redundant	Jeg er blevet overflødiggjort	Jeg er blitt overflødig	Jag har gjorts överflödig	Mér hefur verið sagt upp
65	I don't mind	Jeg har ikke noget imod det	Jeg har ingenting i mot det	Jag har inget emot det	Ég hef ekkert á móti því
66	Is your son here?	Er din søn her?	Er sønnen din her?	Är din son här?	Er sonur þinn hér?
67	I'd love to	Det vil jeg rigtig gerne	Jeg vil veldig gjerne	Jättegärna	Ég myndi alveg vilja
68	I miss you	Jeg savner dig	Jeg savner deg	Jag saknar dig	ég sakna þín
69	Do you play chess?	Spiller du skak?	Spiller du sjakk?	Spelar du schack?	Spilar þú skák?
70	I need you	Jeg har brug for dig	jeg trenger deg	Jag behöver dig	ég þarfnast þín
71	Would anyone like coffee?	Er der nogen, der vil have kaffe?	Er det noen som vil ha kaffe?	Skulle någon vilja ha kaffe?	Vill einhver kaffi?
72	Don't do that	Lad være med at gøre det	Ikke gjør det	Gör inte det	Ekki gera það
73	The plate is hot	Tallerkenen er varm	Platen er varm	Tallriken är varm	Platan er heit
74	Do you have a girlfriend?	Har du en kæreste?	Har du en kjæreste?	Har du en flickvän?	Áttu kærustu?
75	The previous week	Den foregående uge	Forrige uke	Föregående vecka	Vikan á undan
76	What time will you arrive?	Hvad tid ankommer du?	Når ankommer du?	Vilken tid anländer du?	Hvenær kemurðu?
77	I need a towel	Jeg har brug for et håndklæde	Jeg trenger et håndkle	Jag behöver en handduk	Mig vantar handklæði
78	Take it outside	Tag det udenfor	Ta den utenfor	Ta det utanför	Farðu með það út
79	Could I use your phone?	Må jeg låne din telefon?	Kan jeg låne telefonen din?	Kan jag få låna din telefon?	Má ég fá símann þinn lánaðan?
80	You are very handsome	Du er meget flot	Du er veldig vakker	Du är väldigt snygg	Þú ert mjög falleg
81	He has a strong opinion	Han har en stærk mening	Han har en sterk mening	Han har en stark åsikt	Hann hefur sterka skoðun
82	How does it taste?	Hvordan smager det?	Hvordan smaker det?	Hur smakar det?	Hvernig bragðast það?
83	Do you play any sports?	Dyrker du sport?	Driver du med idrett?	Spelar du någon sport?	Spilarðu Íþróttir?
84	Will you marry me?	Vil du gifte dig med mig?	Vil du gifte deg med meg?	Vill du gifta dig med mig?	Viltu giftast mér?
85	She is pretty	Hun er køn	Hun er pen	Hon är söt	Hún er falleg
86	I give up	Jeg giver op	jeg gir opp	Jag ger upp	ég gefst upp
87	Please take off your shoes.	Vær venlig at tage skoene af	Ta av deg skoene	Vänligen ta av dina skor	Endilega farið úr skónum
88	I did not touch it	Jeg rørte det ikke	Jeg rørte den ikke	Jag rörde den inte	Ég snerti það ekki
89	Recently	For nylig	Nylig	Nyligen	Nýlega
90	She lacks confidence	Hun mangler selvtillid	Hun mangler selvtillit	Hon saknar självförtroende	Hún skortir sjálfstraust
91	He's not in right now	Han er ikke til stede lige nu	Han er ikke til stede akkurat nå	Han är inte här just nu	Hann er ekki viðstaddur núna
92	I've got too much work to do	Jeg har for meget arbejde, jeg skal gøre	Jeg har for mye arbeid å gjøre	Jag har för mycket arbete att göra	Ég hef of mikið að gera
93	Is it risky?	Er det risikabelt?	Er det risikabelt?	Är det riskabelt?	Er það áhættusamt?
94	How do you pronounce this word?	Hvordan udtaler man det ord?	Hvordan uttaler du det ordet?	Hur uttalar man det här ordet?	Hvernig berðu þetta orð fram?
95	Tonight	I aften	I kveld	I kväll	Í kvöld
96	Please pass the salt	Vil du række mig saltet?	Vil du gi meg saltet?	Skulle du vilja skicka mig saltet?	Viltu gefa mér saltið?
97	I enjoy spending time with you	Jeg kan godt lide at være sammen med dig	Jeg liker å være med dig	Jag tycker om att umgås med dig	Mér finnst gaman að vera með þér
98	Is this your first time here?	Er det første gang, du er her?	Er dette din første gang her?	Är det första gången du är här?	Er þetta í fyrsta skipti sem þú kemur hingað?
99	How much do I owe you?	Hvor meget skylder jeg dig?	Hvor mye skylder jeg deg?	Hur mycket är jag skyldig dig?	Hversu mikið skulda ég þér?
100	Can you confirm the date?	Kan du bekræfte datoen?	Kan du bekrefte datoen?	Kan du bekräfta datumet?	Geturðu staðfest dagsetninguna?
101	There was a shift in opinion	Der var et holdningsskifte	Det ble en holdningsendring	Opinionen ändrades	Það varð viðhorfsbreyting
102	Someone does that for me	Der er nogen, der gør det for mig	Noen gjør det for meg	Någon gör det åt mig	Einhver gerir það fyrir mig
103	I am from [country]	Jeg er fra [land]	jeg er fra [land]	Jag kommer från [land]	ég er frá [landi]
104	I don't like pubs	Jeg bryder mig ikke om værtshuse	Jeg liker ikke puber	Jag tycker inte om pubar	Mér líkar ekki krár
105	I'm fine, thanks	Jeg har det godt, tak	Jeg har det bra takk	Jag mår bra tack	Mér líður vel, þakka þér fyrir
106	It's really hot	Det er meget varmt	Det er veldig varmt	Det är riktigt varmt	Það er mjög heitt
107	Are you ready to eat now?	Er du klar til at spise nu?	Er du klar til å spise nå?	Är du redo att äta nu?	Ertu tilbúinn að borða núna?
108	I don't want to bother you	Jeg vil ikke forstyrre dig	jeg skal ikke forstyrre deg	Jag vill inte störa dig	Ég mun ekki trufla þig
109	I am on holiday	Jeg er på ferie	Jeg er på ferie	Jag är på semester	ég er í fríi
110	I work in sales	Jeg arbejder i salgsafdelingen	Jeg jobber i salgsavdelingen	Jag arbetar som säljare	Ég vinn í söludeild
111	What is your name?	Hvad hedder du?	Hva heter du?	Vad heter du?	Hvað heitir þú?
112	I came with my family	Jeg kom her med min familie	Jeg kom hit med familien min	Jag kom med min familj	Ég kom hingað með fjölskyldu minni
113	The whole day	Hele dagen	Hele dagen	Hela dagen	Allan daginn
114	How much does this cost?	Hvor meget koster det her?	Hvor mye koster denne?	Hur mycket kostar den här?	Hvað kostar þetta mikið?
115	There's a good film on later	Der bliver sendt en god film senere	En god film vil bli sendt senere	En bra film visas senare	Góð mynd verður sýnd síðar
116	That was stressful	Det var stressende	Det var stressende	Det var ansträngande	Það var stressandi
117	I work here	Jeg arbejder her	jeg jobber her	Jag jobbar här	Ég vinn hér
118	jernbaneskinner	Du kommer til at gå over nogle	Du kommer til å kjøre over noen	Du korsar några järnvägsspår	Þú ætlar að keyra yfir suma
119	There are many people here	Der er mange mennesker her	Det er mange mennesker her	Det finns många människor här	Hér er margt fólk
120	I wanted to live abroad	Jeg ville gerne bo i udlandet	Jeg vil gjerne bo i utlandet	Jag ville bo utomlands	Ég myndi vilja búa erlendis
121	We have plenty of time	Vi har masser af tid	Vi har god tid	Vi har gott om tid	Við höfum nægan tíma
122	That is practical	Det er praktisk	Det er praktisk	Det där är praktiskt	Það er hagnýtt
123	That was lucky	Det var heldigt	Det var heldig	Det var tur	Það var heppni
124	Have you got any jump leads?	Har du et startkabel?	Har du startkabel?	Har du några startkablar?	Ertu með jumper snúru?
125	Where did you go to school?	Hvor gik du i skole?	Hvor gikk du på skole?	Vart gick du i skolan?	Hvar fórstu í skóla?
126	How many sugars do you take?	Hvor meget sukker bruger du?	Hvor mye sukker bruker du?	Hur mycket socker tar du?	Hversu mikinn sykur notarðu?
127	Come here	Kom her	Kom hit	Kom hit	Komdu hingað
128	Sorry for the delay	Beklager forsinkelsen	Beklager forsinkelsen	Ledsen för förseningen	Afsakið töfina
129	You look well	Du ser godt ud	Du ser bra ut	Du ser bra ut	Þú lítur vel út
130	In an hour	Om en time	Om en time	Om en timme	Innan við klukkutíma
131	Do you play basketball?	Spiller du basket?	Spiller du Basketball?	Spelar du basket?	Spilar þú körfubolta?
132	I'll pay for the tickets	Jeg betaler for billetterne	Jeg betaler for billettene	Jag betalar för biljetterna	Ég borga fyrir miðana
133	Do you study English?	Studerer du engelsk?	Studerer du engelsk?	Studerar du engelska?	Ertu að læra ensku?
134	Keep the change	Behold byttepengene	Behold vekslepengene	Behåll växeln	Eigðu afganginn
135	They have nothing in common	De har intet til fælles	De har ingenting til felles	De har ingenting gemensamt	Þeir eiga ekkert sameiginlegt
136	How serious is it?	Hvor slemt er det?	Hvor ille er det?	Hur allvarligt är det?	Hversu slæmt er það?
137	What line of work are you in?	Hvad arbejder du med?	Hva jobber du med?	Vilken typ av arbete jobbar du med?	Við hvað vinnur þú?
138	What did you say?	Hvad sagde du?	Hva sa du?	Vad sa du?	Hvað sagðirðu?
139	Would you like some wine?	Kunne du tænke dig noget vin?	Vil du ha litt vin?	Skulle du vilja ha lite vin?	Langar þig í vín?
140	Beware of the dog!	Pas på hunden!	Pass på hunden!	Varning för hunden!	Passaðu þig á hundinum!
141	He has a nice car	Han har en fin bil	Han har en fin bil	Han har en fin bil	Hann á fínan bíl
142	Go that way	Gå den vej	Gå den veien	Gå den vägen	Farðu þá leið
143	Put the ovan on	Tænd ovnen	Slå på ovnen	Sätt på ugnen	Kveiktu á ofninum
144	What did you study?	Hvad studerede du?	Hva studerte du?	Vad studerade du?	Hvað lærðir þú?
145	Not at all	Slet ikke	Ikke i det hele tatt	Inte alls	Alls ekki
146	Do you have any snacks?	Har du nogle snacks?	Har du noe snacks?	Har du något tilltugg?	Áttu eitthvað nesti?
147	Here's my booking reference	Her er mit bookingnummer	Her er bestillingsnummeret mitt	Här är mitt boknungsnummer	Hér er bókunarnúmerið mitt
148	I am ambitious	Jeg er ambitiøs	Jeg er ambisiøs	Jag är ambitiös	Ég er metnaðarfullur
149	This doesn't work	Det her virker ikke	Dette fungerer ikke	Detta fungerar inte	Þetta gengur ekki
150	That was a coincidence	Det var et tilfælde	Det var en tilfeldighet	Det var en tillfällighet	Það var tilviljun
151	What is wrong?	Hvad er der galt?	Hva er galt?	Hur är det fatt?	Hvað er að?
152	He needs new clothes	Han har brug for nyt tøj	Han trenger nye klær	Han behöver nya kläder	Hann þarf ný föt
153	I sing in a choir	Jeg synger i et kor	Jeg synger i kor	Jag sjunger i kör	Ég syng í kór
154	Are you still serving food?	Serverer du stadig mad?	Serverer du fortsatt mat?	Serverar du fortfarande mat?	Ertu ennþá með mat?
155	Sorry we're late	Beklager, vi er sent på den	Beklager at vi er sent ute med det	Ursäkta att vi är sena	Því miður komumst við seint með það
156	I ate already	Jeg har allerede spist	jeg har allerede spist	Jag åt redan	Ég hef þegar borðað
157	I have jet-lag	Jeg har jetlag	Jeg har jetlag	Jag har jetlag	Ég er með jetlag
158	It is time to reflect	Det er på tide at tænke sig om	Det er på tide å tenke på det	Det är dags att reflektera	Það er kominn tími til að hugsa málið
159	What do you want to do?	Hvad har du lyst til at lave?	Hva har du lyst til å gjøre?	Vad vill du göra?	Hvað viltu gera?
160	It must be a mistake	Det må være en fejltagelse	Det må være en feil	Det måste vara ett misstag	Það hljóta að vera mistök
161	He cheated on her	Han var hende utro	Han var utro mot henne	Han var otrogen	Hann var að halda framhjá henni
162	Thank you very much	Mange tak	Takk skal du ha	Tack så mycket	Þakka þér fyrir
163	That's life!	Sådan er livet!	Det er livet!	Sånt är livet!	Það er lífið!
164	It's very cold today	Det er meget koldt idag	Det er veldig kaldt i dag	Det är väldigt kallt idag	Það er mjög kalt í dag
165	I have never done that before	Det har jeg aldrig gjort før	Det har jeg aldri gjort før	Jag har aldrig gjort det förut	Ég hef aldrei gert það áður
166	Steady on!	Rolig nu!	Stille nå!	Fortsätt så!	Rólegt núna!
167	I'm just kidding	Jeg laver bare sjov	jeg bare tuller	Jag skojar bara	ég er bara að grínast
168	I'm in a good mood	Jeg er i godt humør	Jeg er i godt humør	Jag är på gott humör	Ég er í góðu skapi
169	Do you play any instruments?	Spiller du et instrument?	Spiller du et instrument?	Spelar du några instrument?	Spilar þú á hljóðfæri?
170	Don't talk rubbish	Lad være med at ævle	Slutt å vafle	Prata inte strunt	Hættu að væla
171	I work for myself	Jeg arbejder som selvstændig	Jeg jobber som frilanser	Jag är egenföretagare	Ég vinn sem sjálfstæður
172	Can I borrow your pen?	Må jeg låne din kuglepen?	Kan jeg låne pennen din?	Kan jag låna din penna?	Má ég fá lánaðan pennann þinn?
173	I have a problem	Jeg har et problem	Jeg har et problem	Jag har ett problem	ég er með vandamál
174	What did you do yesterday?	Hvad lavede du igår?	Hva gjorde du i går?	Vad gjorde du igår?	Hvað gerðir þú í gær?
175	I'm a housewife	Jeg er hjemmegående	Jeg er hjemmeværende	Jag är en hemmafru	Ég er heimavinnandi
176	It's starting to rain	Det begynder at regne	Det begynner å regne	Det börjar regna	Það er farið að rigna
177	I'm 32	Jeg er 32	jeg er 32	Jag är 32	ég er 32
178	A year ago	For et år siden	Et år siden	Ett år sedan	Fyrir ári
179	I'm training to be an engineer	Jeg er ved at uddanne mig til ingeniør	Jeg utdanner meg til ingeniør	Jag tränar för att bli ingenjör	Ég er að læra að verða verkfræðingur
180	I'm a member of a gym	Jeg er medlem af et motionscenter	Jeg er medlem av et treningsstudio	Jag är medlem på ett gym	Ég er meðlimur í líkamsræktarstöð
181	This morning	I morges	Denne morgenen	Den här morgonen	Í morgun
182	This is very important	Det her er meget vigtigt	Dette er veldig viktig	Det här är väldigt viktigt	Þetta er mjög mikilvægt
183	I have spent it all	Jeg har brugt det hele	Jeg har brukt alt	Jag har spenderat allt	Ég hef notað þetta allt
184	I should leave	Jeg bør gå	jeg bør gå	Jag borde gå	ég ætti að fara
185	I'm a trainee	Jeg er praktikant	Jeg er praktikant	Jag är en praktikant	Ég er nemi
186	What street is it?	Hvilken gade er det?	Hvilken gate er det?	Vilken gata är det?	Hvaða gata er það?
187	For how many days?	I hvor mange dage?	For hvor mange dager?	För hur många dagar?	Í hversu marga daga?
188	My car won't start	Min bil vil ikke starte	Bilen min vil ikke starte	Min bil startar inte	Bíllinn minn fer ekki í gang
189	See you soon!	Vi ses snart!	Ser deg snart!	Ses snart!	Sjáumst bráðlega!
190	I like to meditate	Jeg kan godt lide at meditere	Jeg liker å meditere	Jag tycker om att meditera	Mér finnst gaman að hugleiða
191	They'll be right back	De kommer tilbage om lidt	De kommer tilbake om litt	De kommer snart tillbaka	Þeir koma aftur eftir smá
192	My watch has been stolen	Mit ur er blevet stjålet	Klokken min er stjålet	Min klocka har stulits	Úrinu mínu hefur verið stolið
193	That was my invention	Det var min opfindelse	Det var min oppfinnelse	Det var min uppfinning	Það var mín uppfinning
194	Likewise	Ligesådan	Bare sånn	Detsamma	Bara si svona
195	Would you please repeat that?	Er du sød at gentage det?	Vil du gjenta det?	Vill du upprepa det?	Værirðu til í að endurtaka það?
196	How many people?	Hvor mange mennesker?	Hvor mange folk?	Hur många personer?	Hversu margir?
197	I love the cinema	Jeg elsker at gå i biografen	Jeg elsker å gå på kino	Jag älskar bio	Ég elska að fara í bíó
198	Are you OK?	Er du ok?	Er du ok?	Mår du bra?	Er allt í lagi?
199	It did not last long	Det varede ikke længe	Det varte ikke lenge	Det dröjde inte länge	Það stóð ekki lengi
200	I don't smoke	Jeg ryger ikke	jeg røyker ikke	Jag röker inte	ég reyki ekki
201	I'm a partner in a law firm	Jeg er partner i et advokatfirma	Jeg er partner i et advokatfirma	Jag är delägare i en advokatbyrå	Ég er meðeigandi á lögfræðistofu
202	That was very delicious	Det var lækkert	Det var nydelig	Den där var delikat	Þetta var ljúffengt
203	Pleased to meet you	Godt at møde dig	Godt å møte deg	Trevligt att träffas	Gaman að kynnast þér
204	I don't have enough money	Jeg har ikke nok penge	Jeg har ikke nok penger	Jag har inte tillräckligt med pengar	Ég á ekki nægan pening
205	Maybe	Måske	Kan være	Kanske	Kannski
206	I understand now	Nu forstår jeg	Nå forstår jeg	Jag förstår nu	Nú skil ég
207	Can I have your attention, please?	Må jeg bede om opmærksomheden?	Kan jeg be om din oppmerksomhet?	Kan jag få din uppmärksamhet,	Má ég biðja um athygli þína?
208	What are you doing tonight?	Hvad skal du lave i aften?	Hva gjør du i kveld?	Vad gör du ikväll?	Hvað ert þú að gera í kvöld?
209	The book is on top of the table	Bogen er på bordet	Boken er på bordet	Boken ligger på bordet	Bókin er á borðinu
210	What are the chances?	Hvad er chancen?	Hva er sjansen?	Vad är chanserna?	Hver er möguleikinn?
211	Never give up	Giv aldrig op	aldri gi opp	Ge aldrig upp	aldrei gefast upp
212	What is your preference?	Hvad foretrækker du?	Hva foretrekker du?	Vad önskar du?	Hvað kýst þú?
213	Where do you come from?	Hvor kommer du fra?	Hvor er du fra?	Var kommer du ifrån?	Hvaðan ertu?
214	I'm getting off here	Jeg skal af her	Jeg må ut herfra	Det här är min hållplats	Ég verð að komast héðan
215	Start the car	Start bilen	Start bilen	Starta bilen	Ræstu bílinn
216	It's up to you	Det er op til dig	Det er opp til deg	Det är upp till dig	Þú ræður
217	Can I buy a ticket on the bus?	Kan jeg købe en billet i bussen?	Kan jeg kjøpe billett på bussen?	Kan jag köpa en biljett på bussen?	Get ég keypt miða í strætó?
218	Well done!	Godt gået!	Bra gjort!	Bra gjort!	Vel gert!
219	I burnt myself	Jeg har brændt mig	Jeg har brent meg	Jag har bränt mig	Ég hef brennt mig
220	It's supposed to rain tomorrow	Det skulle blive regn i morgen	Det skulle regne i morgen	Det ska regna imorgon	Það átti að rigna á morgun
221	I fear the worst	Jeg frygter det værste	Jeg frykter det verste	Jag fruktar det värsta	Ég óttast það versta
222	What a terrible day!	Sikke en forfærdelig dag!	For en forferdelig dag!	Vilken fruktansvärd dag!	Hvílíkur dagur!
223	I'm in my final year	Jeg er på sidste studieår	Jeg er i mitt siste studieår	Jag är på mitt sista år	Ég er á síðasta ári í námi
224	What school did you go to?	Hvilken skole gik du på?	Hvilken skole gikk du på?	Vilken skola gick du i?	Í hvaða skóla fórstu?
225	That makes me sad	Det gør mig ked af det	Det gjør meg trist	Det gör mig ledsen	Það veldur mér sorg
226	I love the theatre	Jeg elsker at gå i teatret	Jeg elsker å gå på teater	Jag älskar teater	Ég elska að fara í leikhús
227	I work for a bank	Jeg arbejder i en bank	Jeg jobber i en bank	Jag arbetar för en bank	Ég vinn í banka
228	How many children do you have?	Hvor mange børn har du?	Hvor mange barn har du?	Hur många barn har du?	Hversu mörg börn áttu?
229	Sorry, you're not my type	Beklager, du er ikke min type	Beklager, du er ikke min type	Tyvärr, du är inte min typ	Því miður, þú ert ekki mín týpa
230	I like jogging	Jeg kan godt lide at jogge	Jeg liker jogging	Jag gillar att springa	Mér finnst gaman að skokka
231	Bless you! [after a sneeze]	Prosit!	Velsigne deg!	Prosit! [Efter en nysning]	Blessi þig!
232	I find him too self-confident	Jeg synes, han har for meget selvtillid	Jeg tror han har for mye selvtillit	J a g fi n n e r h o n o m a l l t f ö r	Mér finnst hann hafa of mikið sjálfstraust
233	Is the bank far?	Er banken langt herfra?	Er banken langt unna her?	Ligger banken långt bort?	Er bankinn langt héðan?
234	In two months	Om to måneder	Om to måneder	Om två månader	Á tveimur mánuðum
235	What should I wear?	Hvad skal jeg tage på?	Hva burde jeg ha på meg?	Vad ska jag ha på mig?	Hvað ætti ég að klæðast?
236	I'll tell him you called	Jeg siger til ham, du ringede	Jeg forteller ham at du ringte	Jag ska tala om för honom vad du	Ég segi honum að þú hafir hringt
237	We need to tidy up	Vi bliver nød til at rydde op	Vi skal rydde opp	Vi måste snygga till oss	Við verðum að þrífa
238	Who's driving tonight?	Hvem kører i aften?	Hvem kjører i kveld?	Vem kör i kväll?	Hver keyrir í kvöld?
239	We went to the same university	Vi gik på det samme universitet	Vi gikk på samme universitet	Vi gick på samma universitet	Við fórum í sama háskóla
240	Sorry, I didn't understand	Beklager, jeg forstod ikke [objekt]	Beklager, jeg for	Tyvärr, jag förstod inte	Því miður,
241	It's not serious	Det er ikke slemt	Det er ikke dårlig	Det är inte allvarligt	Það er ekki slæmt
242	I'm not busy	Jeg har ikke travlt	Jeg har ikke hastverk	Jag är inte upptagen	Ég er ekkert að flýta mér
243	It's going to freeze tonight	Det bliver frost i aften	Det blir frost i natt	Det kommer att frysa i kväll	Það verður frost í nótt
244	Please write it down	Vær venlig at skrive det ned	Skriv det ned	Skriv ned det	Vinsamlegast skrifaðu það niður
245	We have two boys	Vi har to drenge	Vi har to gutter	Vi har två pojkar	Við eigum tvo stráka
246	That smells bad	Det lugter dårligt	Det lukter dårlig	Det luktar illa	Það er vond lykt
247	Too much stress	For meget stress	For mye stress	För mycket stress	Of mikið stress
248	Where is ...?	Hvor er...?	Hvor er...?	Var ligger ...?	Hvar er...?
249	I'm in a band	Jeg spiller i et band	Jeg spiller i et band	Jag spelar i ett band	Ég spila í hljómsveit
250	I am upset	Jeg er oprevet	Jeg er opprørt	Jag är upprörd	Ég er pirruð
251	I don't want that...	Jeg vil ikke have det...	Jeg vil ikke ha det...	Jag vill inte att...	Ég vil það ekki...
252	We've had an accident	Vi har haft en ulykke	Vi har hatt en ulykke	Vi har haft en olycka	Við höfum lent í slysi
253	How was the meeting?	Hvordan gik mødet?	Hvordan gikk møtet?	Hur var mötet?	Hvernig fór fundurinn?
254	I lost my wallet	Jeg har mistet min pung	Jeg har mistet lommeboken min	Jag tappade bort min plånbok	Ég hef týnt veskinu mínu
255	Do you come here often?	Kommer du ofte her?	Kommer du hit ofte?	Kommer du hit ofta?	Kemurðu oft hingað?
256	What's his name?	Hvad hedder han?	Hva heter han?	Vad heter han?	Hvað heitir hann?
257	Why are you crying?	Hvorfor græder du?	Hvorfor gråter du?	Varför gråter du?	Afhverju ertu að gráta?
258	The following week	Den næste uge	Neste uke	Följande vecka	Næstu viku
259	I've worked here for nine years	Jeg har arbejdet her i ni år	Jeg har jobbet her i ni år	Jag har arbetat här i nio år	Ég hef starfað hér í níu ár
260	Have you seen this movie?	Har du set denne film?	Har du sett denne filmen?	Har du sett den här filmen?	Hefurðu séð þessa mynd?
261	What are you going to have?	Hvad kunne du godt tænke dig?	Hva vil du ha?	Vad ska du välja?	Hvað myndir þú vilja?
262	He is very attractive	Han er meget attraktiv	Han er veldig attraktiv	Han är mycket attraktiv	Hann er mjög aðlaðandi
263	Why not?	Hvorfor ikke?	Hvorfor ikke?	Varför inte?	Af hverju ekki?
264	I forgot my umbrella	Jeg glemte min paraply	Jeg glemte paraplyen min	Jag har glömt mitt paraply	Ég gleymdi regnhlífinni minni
265	I'll see you there	Vi ses derhenne	Ser deg der	Vi ses där	Sjáumst þar
266	I'm an accountant	Jeg er revisor	jeg er en regnskapsfører	Jag är revisor	Ég er endurskoðandi
267	He is very mature	Han er meget moden	Han er veldig moden	Han är mycket mogen	Hann er mjög þroskaður
268	Who is in charge?	Hvem er den ansvarlige?	Hvem er ansvarlig?	Vem är ansvarig?	Hver ber ábyrgð?
269	Happy Birthday	Tillykke med fødselsdagen	Gratulerer med dagen	Grattis på födelsedagen	Til hamingju með afmælið
270	I'm Jewish	Jeg er jøde	Jeg er jøde	Jag är judisk	Ég er gyðingur
271	I like her	Jeg kan godt lide hende	jeg liker henne	Jag gillar henne	mér líkar við hana
272	When would you like to travel?	Hvornår vil du gerne rejse?	Når vil du reise?	När skulle du vilja resa?	Hvenær vilt þú ferðast?
273	That was abnormal	Det var unormalt	Det var unormalt	Den där var onormal	Það var óeðlilegt
274	He said you like to watch movies	Han sagde, du godt kan lide at se film	Han sa at du liker å se film	Han sa att du gillar att titta på film	Hann sagði að þér þætti gaman að horfa á kvikmyndir
275	Have you been here long?	Har du været her længe?	Har du vært her lenge?	Har du varit här länge?	Hefur þú verið hér lengi?
276	How is work going?	Hvordan går det med arbejdet?	Hvordan går arbeidet?	Hur går det med jobbet?	Hvernig gengur vinnan?
277	What is her name?	Hvad hedder hun?	Hva er navnet hennes?	Vad heter hon?	Hvað heitir hún?
278	Can I walk you home?	Skal jeg følge dig hjem?	Skal jeg følge deg hjem?	Kan jag följa dig hem?	Á ég að fylgja þér heim?
279	I am interested in culture	Jeg er interesseret i kultur	Jeg er interessert i kultur	Jag är intresserad av kultur	Ég hef áhuga á menningu
280	What time is the match on?	Hvad tid sendes kampen?	Når sendes kampen?	Vilken tid börjar matchen?	Hvenær er útsending frá leiknum?
281	How long does it take by car?	Hvor lang tid tager det i bil?	Hvor lang tid tar det med bil?	Hur lång tid tar det med bil?	Hvað tekur það langan tíma í bíl?
282	Are you angry?	Er du vred?	Er du sint?	Är du arg?	Ertu reiður?
283	The quality was bad	Kvaliteten var dårlig	Kvaliteten var dårlig	Kvaliteten var dålig	Gæðin voru léleg
284	Sorry to keep you waiting	Beklager, at du måtte vente på mig	Beklager at du måtte vente på meg	Förlåt för att du fick vänta	Fyrirgefðu að þú þurftir að bíða eftir mér
285	You've got a great smile	Du har et fantastisk smil	Du har et flott smil	Du har ett vackert leende	Þú ert með frábært bros
286	Don't mention it	Det var så lidt	Vær så god	Det var så lite	Ekkert að þakka
287	Same as usual	Det samme som sædvanlig	Det samme som vanlig	Samma som vanligt	Sama og venjulega
288	I believe you	Jeg tror på dig	jeg tror på deg	Jag tror dig	ég trúi á þig
289	What are you up to?	Hvad er du ude på?	Hva driver du med?	Vad gör du?	Hvað ertu að gera?
290	What is the process?	Hvordan forløber processen?	Hvordan går prosessen?	Vad är processen?	Hvernig fer ferlið fram?
291	Send me an email	Send mig en mail	send meg en mail	Skicka mig ett mail	sendu mér póst
292	Are you married?	Er du gift?	Er du gift?	Är du gift?	Ertu giftur?
293	I like your sense of humour	Jeg kan godt lide din humor	Jeg liker humoren din	Jag gillar din humor	Mér líkar við húmorinn þinn
294	Tomorrow	Imorgen	I morgen	I morgon	Á morgun
295	I am overweight	Jeg er overvægtig	Jeg er overvektig	Jag är överviktig	Ég er of þung
296	We are all winners	Vi er alle vindere	Vi er alle vinnere	Vi är alla vinnare	Við erum öll sigurvegarar
297	The weather is miserable	Vejret er forfærdeligt	Været er forferdelig	Vädret är bedrövligt	Veðrið er skelfilegt
298	How old is she?	Hvor gammel er hun?	Hvor gammel er hun?	Hur gammal är hon?	Hversu gömul er hún?
299	Just a minute	Et øjeblik	Et øyeblikk	Ett ögonblick	Augnablik
300	ringede	Vær venlig at fortælle hende at [navn]	Fortell henne at [navn]	Tala om för henne att [namn] ringde	Vinsamlegast segðu henni að [nafn]
301	It's not worth it	Det er ikke det værd	Det er ikke verdt det	Det är inte värt det	Það er ekki þess virði
302	I live on my own	Jeg bor alene	Jeg bor alene	Jag bor själv	ég bý einn
303	It doesn't matter	Det betyder ikke noget	Det betyr ingenting	Det spelar ingen roll	Það þýðir ekkert
304	I haven't had lunch yet	Jeg har ikke spist frokost endnu	Jeg har ikke spist lunsj ennå	Jag har inte ätit lunch ännu	Ég hef ekki borðað hádegismat ennþá
305	I'm waiting for you	Jeg venter på dig	jeg venter på deg	Jag väntar på dig	ég er að bíða eftir þér
306	My daughter is here	Min datter er her	Datteren min er her	Min dotter är här	Dóttir mín er hér
307	Do you take sugar?	Bruger du sukker?	Bruker du sukker?	Tar du socker?	Notar þú sykur?
308	Do you want to come with me?	Har du lyst til at tage med mig?	Vil du bli med meg?	Vill du följa med mig?	Viltu koma með mér?
309	Please stop arguing	Hold venligst op med at skændes	Vennligst slutt å krangle	Sluta gräla	Vinsamlegast hættu að rífast
310	It is complicated	Det er kompliceret	Det er komplisert	Det är komplicerat	Það er flókið
311	I work in a factory	Jeg arbejder på en fabrik	Jeg jobber på en fabrikk	Jag arbetar i en fabrik	Ég vinn í verksmiðju
312	We are running out of time	Vi er ved at løbe tør for tid	Tiden renner ut for oss	Vi börjar få ont om tid	Við erum að renna út á tíma
313	I need a doctor	Jeg har brug for en læge	jeg trenger en lege	Jag behöver en doktor	ég þarf lækni
314	We have a lot in common	Vi har meget til fælles	Vi har mye til felles	Vi har mycket gemensamt	Við eigum margt sameiginlegt
315	It is getting late	Det er ved at blive sent	Det begynner å bli sent	Det börjar bli sent	Það er að verða áliðið
316	Perhaps	Måske	Kan være	Kanske	Kannski
317	Hide it	Gem det	lagre det	Göm den	geymdu það
318	She is very energetic	Hun er meget energisk	Hun er veldig energisk	Hon är mycket energisk	Hún er mjög dugleg
319	When is the next bus due?	Hvornår skulle den næste bus 	Når var neste buss	När ska nästa buss komma?	Hvenær var næsta rúta
320	I've already seen it	Jeg har allerede set det	Jeg har allerede sett den	Jag har redan sett den	Ég hef þegar séð það
321	I need a massage	Jeg har brug for en massage	Jeg trenger en massasje	Jag behöver massage	Mig vantar nudd
322	My luggage is missing	Min bagage er væk	Bagasjen min er borte	Mitt bagage saknas	Farangurinn minn er horfinn
323	I don't feel well	Jeg har det ikke godt	Jeg føler meg ikke bra	Jag mår inte bra	mér líður ekki vel
324	It was a personal attack	Det var et personligt angreb	Det var et personlig angrep	Det var ett personligt angrepp	Þetta var persónuleg árás
325	I do not need the hassle	Jeg har ikke brug for alt det bøvl	Jeg trenger ikke alt det bryet	Jag behöver inte besväret	Ég þarf ekki allt þetta vesen
326	Have you got any pets?	Har du nogle kæledyr?	Har du noen kjæledyr?	Har du några husdjur?	Áttu einhver gæludýr?
327	Thanks for your help	Tak for din hjælp	Takk for hjelpen	Tack för hjälpen	Takk fyrir hjálpina
328	I'm very busy	Jeg har meget travlt	Jeg er veldig opptatt	Jag är väldigt upptagen	ég er mjög upptekinn
329	I will think about it	Jeg vil tænke over det	Jeg vil tenke på det	Jag ska tänka på det	Ég mun hugsa um það
330	Why aren't you going?	Hvorfor kommer du ikke?	Hvorfor kommer du ikke?	Varför kommer du inte?	Af hverju kemurðu ekki?
331	My love is infinite	Min kærlighed er uendelig	Min kjærlighet er uendelig	Min kärlek är oändlig	Ástin mín er óendanleg
332	Give me a call!	Ring til mig!	Ring meg!	Ring mig!	Hringdu í mig!
333	In ten minutes	Om ti minutter	Om ti minutter	Om tio minuter	Eftir tíu mínútur
334	Does anybody speak [language]?	Er der nogen, der taler [sprog]?	Er det noen som snakker [språk]?	Är det någon som talar [språk]?	Talar einhver [tungumál]?
335	I would prefer not to	Jeg ville foretrække ikke [objekt]	Jeg vil helst ikke [objekt]	Jag skulle föredra att låta bli	Ég myndi helst ekki [object]
336	Do you have children?	Har du børn?	Har du barn?	Har du barn?	Áttu börn?
337	What do you recommend?	Hvad kan du anbefale?	Hva kan du anbefale?	Vad rekommenderar du?	Hverju getur þú mælt með?
338	I am depressed	Jeg er deprimeret	jeg er deprimert	Jag är deprimerad	Ég er þunglyndur
339	I'll also take that one	Jeg tager også den der	Jeg tar den også	Jag tar också den	Ég tek þennan líka
340	I'm at home	Jeg er hjemme	jeg er hjemme	Jag är hemma	ég er heima
341	Grow-up	Tag dig sammen	Ta deg sammen	Väx upp	Taktu þig saman
342	In the morning	Om morgenen	Om morgenen	På morgonen	Á morgnana
343	Is that enough?	Er det nok?	Er det nok?	Är det tillräckligt?	Er það nóg?
344	I left it on the table	Jeg efterlod den på bordet	Jeg la det på bordet	Jag lämnade den på bordet	Ég skildi það eftir á borðinu
345	Next week	I næste uge	Neste uke	Nästa vecka	Næsta vika
346	It is a long weekend	Det er en lang weekend	Det er en lang helg	Det är en lång helg	Það er löng helgi
347	He's an American	Han er amerikaner	Han er amerikansk	Han är en amerikansk	Hann er amerískur
348	[restaurant]	Må jeg bede om en regning?	Kan jeg be om en regning?	Kan jag få ett kvitto, tack?	Má ég biðja um reikning?
349	I quite like cooking	Jeg kan ret godt lide at lave mad	Jeg liker godt å lage mat	Jag riktigt gillar matlagning	Mér finnst mjög gaman að elda
350	Behave yourself	Opfør dig ordentligt	oppfør deg	Uppför dig	hagaðu þér
351	The sun has come out	Solen er kommet frem	Solen har kommet frem	Det har spruckit upp	Sólin er komin út
352	His room is very small	Hans værelse er meget lille	Rommet hans er veldig lite	Han har ett mycket litet rum	Herbergið hans er mjög lítið
353	I work a lot	Jeg arbejder meget	jeg jobber mye	Jag jobbar mycket	Ég vinn mikið
354	It lacks creativity	Det mangler kreativitet	Det mangler kreativitet	Den saknar kreativitet	Það vantar sköpunargáfu
355	Make yourself at home	Lad som om du er hjemme	Lat som om du er hjemme	Känn dig som hemma	Láttu eins og þú sért heima
356	I'm going tomorrow	Jeg tager derhen imorgen	Jeg skal dit i morgen	Jag åker imorgon	Ég fer þangað á morgun
357	Is there anything I can do to help?	Er der noget, jeg kan hjælpe med?	Er det noe jeg kan hjelpe med?	Kan jag hjälpa till på något sätt?	Er eitthvað sem ég get hjálpað með?
358	I forgot the password	Jeg har glemt kodeordet	Jeg har glemt passordet	Jag har glömt lösenordet	Ég gleymdi lykilorðinu
359	How is business?	Hvordan går det med forretningen?	Hvordan går virksomheten?	Hur är affärerna?	Hvernig ganga viðskiptin?
360	I don't care	Jeg er ligeglad	jeg bryr meg ikke	Jag bryr mig inte	mér er sama
361	Where do you study?	Hvor studerer du?	Hvor studerer du?	Var studerar du?	Hvar ertu að læra?
362	I went to the supermarket	Jeg gik i supermarkedet	Jeg dro til supermarkedet	Jag gick till affären	Ég fór í stórmarkaðinn
363	Is this a safe area?	Er det her et trygt område?	Er dette et trygt område?	Är detta ett säkert område?	Er þetta öruggt svæði?
364	Let us cook together	Lad os lave mad sammen	La oss lage mat sammen	Låt oss laga mat tillsammans	Eldum saman
365	When shall we go?	Hvornår skal vi tage afsted?	Når drar vi?	När ska vi gå?	Hvenær erum við að fara?
366	You're welcome	Det var så lidt	Vær så god	Varsågod	Ekkert að þakka
367	I can't be bothered	Jeg gider ikke	jeg vil ikke	Jag får inte bli störd	Ég vil ekki
368	She's going with me tomorrow.	Hun kommer med mig imorgen	Hun blir med meg i morgen	Hon kommer med mig i morgon	Hún kemur með mér á morgun
369	I'm afraid I already have plans	Jeg er bange for at jeg allerede har planer	Jeg er redd jeg allerede har planer	Jag har tyvärr redan planer	Ég er hræddur um að ég hafi nú þegar áætlanir
370	I lived in Canada for six months	Jeg boede i Canada i seks måneder	Jeg bodde i Canada i seks måneder	Jag bodde i Kanada i sex månader	Ég bjó í Kanada í sex mánuði
371	His reaction was immature	Hans reaktion var umoden	Reaksjonen hans var umoden	Han reagerade omoget	Viðbrögð hans voru óþroskuð
372	She is too skinny	Hun er for tynd	Hun er for tynn	Hon är för smal	Hún er of mjó
373	It depends on the weather	Det kommer an på vejret	Det kommer an på været	Det beror på vädret	Það fer eftir veðri
374	Have you passed your driving test?	Har du bestået din køreprøve?	Har du bestått førerprøven?	Har du tagit körkort?	Hefur þú staðist bílprófið?
375	How tall are you?	Hvor høj er du?	Hvor høy er du?	Hur lång är du?	Hvað ertu há?
376	It is a reality show	Det er et realityshow	Det er et realityprogram	Det är en dokusåpa	Það er raunveruleikaþáttur
377	I think it's very good	Jeg synes, det er rigtig godt	Jeg synes det er veldig bra	Jag tycker den är mycket bra	Mér finnst það mjög gott
378	The movie was depressing	Filmen var deprimerende	Filmen var deprimerende	Filmen var nedslående	Myndin var niðurdrepandi
379	I expect...	Jeg forventer...	Jeg forventer...	Jag förväntar mig...	Ég býst við...
380	I work with computers	Jeg arbejder med computere	Jeg jobber med datamaskiner	Jag arbetar med datorer	Ég vinn við tölvur
381	Would you like to watch television?	Har du lyst til at se TV?	Vil du se på TV?	Vill du titta på TV?	Viltu horfa á sjónvarpið?
382	The cat is under the table	Katten er under bordet	Katten er under bordet	Katten är under bordet	Kötturinn er undir borðinu
383	Would you like a drink?	Har du lyst til en drink?	Ønsker du en drink?	Vill du ha något att dricka?	Langar þig í drykk?
384	I watched it happen	Jeg så det ske	Jeg så det skje	Jag såg det hända	Ég sá það gerast
385	That is a good school	Det er en god skole	Det er en god skole	Det är en bra skola	Það er góður skóli
386	Where's the nearest restaurant?	Hvor er den nærmeste restaurant?	Hvor er den nærmeste restauranten?	Var är närmaste restaurang?	Hvar er næsta veitingastaður?
387	That is fair	Det er fair	Det er rettferdig	Det är rättvist	Það er sanngjarnt
388	I do voluntary work	Jeg arbejder frivilligt	Jeg jobber frivillig	Jag gör volontärarbete	Ég vinn í sjálfboðavinnu
389	I doubt it	Jeg tvivler på det	det tviler jeg på	Jag tvivlar på det	ég efa það
390	The car has been fixed	Bilen er blevet lavet	Bilen er laget	Bilen har lagats	Bíllinn hefur verið smíðaður
391	See you later	Vi ses senere	Ser deg senere	Vi ses senare	Sé þig seinna
392	It is a status symbol	Det er et statussymbol	Det er et statussymbol	Den är en statussymbol	Það er stöðutákn
393	I'll have a cup of tea please	Jeg vil gerne bede om en kop te	Jeg vil gjerne be om en kopp te	Jag skulle vilja ha en kopp te, tack	Mig langar að biðja um tebolla
394	Can you translate this for me?	Vil du oversætte det her for mig?	Vil du oversette dette for meg?	Kan du översätta detta åt mig?	Viltu þýða þetta fyrir mig?
395	We are running out of luck	Vi er ved at løbe tør for held	Vi er tom for lykke	Vår tur har vänt	Við erum að klárast
396	I'm sorry, I don't know	Beklager, jeg ved det ikke	Beklager, jeg vet ikke	Jag är ledsen, jag vet inte	Því miður, ég veit það ekki
397	I'm too tired	Jeg er for træt	jeg er for trøtt	Jag är för trött	Ég er of þreytt
398	As much as possible	Så meget som muligt	Så mye som mulig	Så mycket som möjligt	Eins mikið og hægt er
399	I'm a protestant	Jeg er protestant	Jeg er protestant	Jag är en protestant	Ég er mótmælandi
400	From here to there	Fra her til der	Fra her til der	Härifrån till dit	Héðan og þangað
401	Do not be harsh	Du skal ikke være hård	Du trenger ikke være hard	Var inte hård	Þú þarft ekki að vera harður
402	I'm studying history	Jeg studerer historie	Jeg studerer historie	Jag studerar historia	Ég læri sagnfræði
403	I find you very attractive	Jeg synes, du er meget attraktiv	Jeg synes du er veldig attraktiv	Jag tycker att du är mycket attraktiv	Mér finnst þú mjög aðlaðandi
404	That is correct	Det er rigtigt	Det er sant	Den är korrekt	Það er satt
405	That was lovely	Det var dejligt	Det var fint	Den var härlig	Það var fínt
406	I live with my partner	Jeg bor sammen med min kæreste	Jeg bor sammen med kjæresten min	Jag bor med min partner	Ég bý með kærustunni minni
407	What day of the week is it?	Hvilken ugedag er det?	Hvilken ukedag er det?	Vilken veckodag är det?	Hvaða vikudagur er það?
408	I'm interested in languages	Jeg interesserer mig for sprog	Jeg er interessert i språk	Jag är intresserad av språk	Ég hef áhuga á tungumálum
409	I work in publishing	Jeg arbejder i forlagsbranchen	Jeg jobber i forlagsbransjen	Jag arbetar inom förlagsbranschen	Ég vinn í útgáfubransanum
410	I am in a complicated relationship	Jeg er i et kompliceret parforhold	Jeg er i et komplisert forhold	Jag är i ett komplicerat förhållande	Ég er í flóknu sambandi
411	Are you working today?	Arbejder du idag?	Jobber du i dag?	Jobbar du idag?	Ertu að vinna í dag?
412	What kind of music do you like?	Hvilken slags musik kan du lide?	Hva slags musikk liker du?	Vilken typ av musik gillar du?	Hvers konar tónlist fílar þú?
413	It is not easy	Det er ikke nemt	Det er ikke lett	Det är inte lätt	Það er ekki auðvelt
414	Please call me	Vær sød at ringe til mig	Vennligst ring meg	Ring mig är du snäll	Vinsamlegast hringdu
415	The following year	Det følgende år	Neste år	Det följande året	Árið eftir
416	I'm a widower	Jeg er enke	Jeg er enke	Jag är en änka	Ég er ekkja
417	I am a man of good taste	Jeg har en god smag	Jeg har god smak	Jag är en man med god smak	Ég er með góðan smekk
418	I like you a lot	Jeg kan rigtig godt lide dig	jeg liker deg virkelig	Jag tycker jättemycket om dig	mér líkar virkilega við þig
419	Last night	Igår aftes	I går kveld	Igår kväll	Gærkvöld
420	I hope not	Det håber jeg ikke	Jeg håper ikke	Jag hoppas inte det	ég vona ekki
421	The atmosphere was electrifying	Stemningen var medrivende	Stemningen var medrivende	Stämningen var elektrisk	Andrúmsloftið var hrífandi
422	What is the fee?	Hvad er gebyret?	Hva er gebyret?	Vad kostar det?	Hvert er gjaldið?
423	I thought he said something else	Jeg troede, han sagde noget andet	Jeg trodde han sa noe annet	Jag trodde att han sa något annat	Mér fannst hann segja eitthvað annað
424	I need your support	Jeg har brug for din støtte	Jeg trenger din støtte	Jag behöver ditt stöd	Ég þarf þinn stuðning
425	A long time ago	For lang tid siden	For lenge siden	För länge sedan	Fyrir löngu síðan
426	Yesterday afternoon	I går eftermiddags	I går ettermiddag	Igår eftermiddag	Gærkvöld
427	This is my son	Det er min søn	Det er sønnen min	Det här är min son	Það er sonur minn
428	What do your parents do?	Hvad laver dine forældre?	Hva gjør foreldrene dine?	Vad gör dina föräldrar?	Hvað gera foreldrar þínir?
429	I am desperate	Jeg er desperat	jeg er desperat	Jag är desperat	Ég er örvæntingarfullur
430	I'd like a room	Jeg vil gerne bede om et værelse	Jeg vil gjerne be om et rom	Jag skulle vilja ha ett rum	Mig langar að biðja um herbergi
431	I have no regrets	Jeg fortryder intet	Jeg angrer ingenting	Jag ångrar inget	ég sé ekki eftir neinu
432	When can I see you again?	Hvornår kan jeg se dig igen?	Når kan jeg se deg igjen?	När kan jag se dig igen?	Hvenær sé ég þig aftur?
433	Next year	Næste år	Neste år	Nästa år	Á næsta ári
434	That's it	Det er det	Det er det	Det är allt	Þetta er það
435	Is it possible?	Er det muligt?	Er det mulig?	Är det möjligt?	Er það mögulegt?
436	He likes it very much	Han kan rigtig godt lide det	Han liker det veldig godt	Han tycker mycket om den	Honum líkar það mjög vel
437	I am studying a lot	Jeg studerer meget	jeg studerer mye	Jag studerar en hel del	Ég læri mikið
438	I don't speak [language] very well	Jeg taler ikke [sprog] særligt godt	Jeg snakker ikke så godt [språk]	Jag talar inte [språk] så bra	Ég tala [tungumál] ekki mjög vel
439	I have already paid	Jeg har allerede betalt	Jeg har allerede betalt	Jag har redan betalt	Ég er búinn að borga
440	About a year	Omkring et år	Omtrent et år	Om ett år	Um eitt ár
441	Where are we meeting?	Hvor skal vi mødes?	Hvor skal vi møtes?	Var möts vi?	Hvar eigum við að hittast?
442	That was dangerous	Det var farligt	Det var farlig	Det var farligt	Það var hættulegt
443	I'm at the shop	Jeg er i butikken	Jeg er i butikken	Jag är i affären	Ég er í búðinni
444	What is your address?	Hvad er din adresse?	Hva er adressen din?	Vad är din adress?	Hvert er heimilisfangið þitt?
445	I'm out of work	Jeg har ikke noget arbejde	jeg har ikke en jobb	Jag är arbetslös	Ég er ekki með vinnu
446	Good afternoon	God eftermiddag	God ettermiddag	God eftermiddag	Góðan daginn
447	Calm down	Slap af	Slappe av	Lugna ner dig	Slakaðu á
448	Bring me my shirt please	Vær sød at give mig min skjorte	Vennligst gi meg skjorten min	Räck mig min tröja är du snäll	Vinsamlegast gefðu mér skyrtuna mína
449	I am happy	Jeg er glad	jeg er glad	Jag är glad	Ég er ánægður
450	It's this way	Det er denne vej	Det er på denne måten	Det är så här det är	Þetta er svona
451	See you tomorrow	Vi ses i morgen	Jeg ser deg i morgen	Vi ses imorgon	ég sé þig á morgun
452	Can you swim?	Kan du svømme?	Kan du svømme?	Kan du simma?	Kanntu að synda?
453	Throw it away	Smid det væk	Bli kvitt den	Kasta iväg den	Losna við það
454	I don't understand	Jeg forstår ikke	jeg forstår ikke	Jag förstår inte	Ég skil ekki
455	It looks like rain	Det ligner regn	Det ser ut til å bli regn	Det ser ut som regn	Það lítur út eins og rigning
456	Are we almost there?	Er vi der snart?	Er vi der snart?	Är vi framme snart?	Erum við þarna bráðum?
457	Did you go to university?	Har du gået på universitetet?	Har du gått på universitetet?	Har du gått på universitetet?	Hefur þú farið í háskóla?
458	Me too	Også mig	Jeg også	Jag också	Ég líka
459	I made a mistake	Jeg begik en fejl	Jeg gjorde en feil	Jag gjorde ett misstag	ég gerði mistök
460	He is very athletic	Han er meget atletisk	Han er veldig atletisk	Han är mycket atletisk	Hann er mjög íþróttamaður
461	Hurry up!	Skynd dig!	Skynd deg!	Skynda dig!	Flýttu þér!
462	Is everything OK?	Er alt ok?	Er alt ok?	Är allting okej?	Er allt í lagi?
463	What a surprise!	Sikke en overraskelse!	For en overraskelse!	Vilken överraskning!	En óvænt!
464	We need tickets	Vi har brug for billetter	Vi trenger billetter	Vi behöver biljetter	Okkur vantar miða
465	Go over the bridge	Gå over broen	Gå over broen	Gå över bron	Farðu yfir brúna
466	This is my friend	Dette er min ven	Dette er min venn	Det här är min vän	Þetta er vinur minn
467	I wish you a nice trip	Jeg ønsker dig en god tur	Jeg ønsker deg god tur	Jag önskar dig en trevlig resa	Ég óska ​​þér góðrar ferðar
468	It will be on your right	Det kommer til at være på din højre side	Det vil være på høyre side	Den kommer att ligga till höger	Það mun vera á hægri hönd
469	This house is very big	Dette hus er meget stort	Dette huset er veldig stort	Detta hus är väldigt stort	Þetta hús er mjög stórt
470	It is time to go	Det er på tide at gå	Det er på tide å gå	Det är dags att gå	Tími til að fara
471	I'm visiting relatives	Jeg besøger slægtninge	Jeg besøker slektninger	Jag besöker släktingar	Ég er að heimsækja ættingja
472	It is inconvenient	Det er ubelejligt	Det er upraktisk	Den är besvärlig	Það er óþægilegt
473	Everything is ready	Alt er klart	Alt er klart	Allt är klart	Allt er ljóst
474	I'm a Buddhist	Jeg er buddhist	Jeg er buddhist	Jag är en buddhistisk	Ég er búddisti
475	That was unusual	Det var usædvanligt	Det var uvanlig	Det var ovanligt	Það var óvenjulegt
476	I'd like to hire a car	Jeg vil gerne leje en bil	Jeg vil gjerne leie en bil	Jag skulle vilja hyra en bil	Mig langar að leigja bíl
477	What is it?	Hvad er det?	Hva er det?	Vad är det?	Hvað er það?
478	She is a cheat	Hun er en bedrager	Hun er en bedrager	Hon är otrogen	Hún er svikari
479	What time did you go to sleep?	Hvad tid gik du i seng?	Hvilken tid gikk du til sengs?	Vilken tid lade du dig?	Hvenær fórstu að sofa?
480	It's quite long way on foot	Det er ganske lang vej til fods	Det er ganske lang vei å gå	Det är ganska lång väg till fots	Það er frekar langt að ganga
481	I like Italian cuisine	Jeg kan godt lide det italienske 	Jeg liker italiensk	Jag gillar italiensk mat	Mér líkar við ítalska
482	I would have come	Jeg ville være kommet	Jeg vil	Jag skulle ha kommit	Ég hefði komið
483	I need your permission	Jeg har brug for din tilladelse	Jeg trenger din tillatelse	Jag behöver din tillåtelse	Ég þarf leyfi þitt
484	That was excellent	Det var fremragende	Det var fantastisk	Den där var utmärkt	Það var frábært
485	It was thrilling	Det var spændende	Det var spennende	Det var spännande	Það var spennandi
486	How do you know?	Hvordan ved du det?	Hvordan vet du?	Hur vet du?	Hvernig veistu?
487	What address are you looking for?	Hvilken adresse søger du?	Hvilken adresse leter du etter?	Vilken adress letar du efter?	Hvaða heimilisfang ertu að leita að?
488	Do you think it'll rain today?	Tror du, det vil regne i dag?	Tror du det kommer til å regne i dag?	Tror du att det kommer att regna idag?	Heldurðu að það rigni í dag?
489	It was a misunderstanding	Det var en misforståelse	Det var en misforståelse	Det var ett missförstånd	Það var misskilningur
490	It is fascinating	Det er fascinerende	Det er fascinerende	Det är fascinerande	Það er heillandi
491	I need to get there by tomorrow	Jeg skal være der senest imorgen	Jeg må være der senest i morgen	Jag behöver vara framme imorgon	Ég verð að vera þarna í síðasta lagi á morgun
492	I'm doing an internship	Jeg er igang med et praktikophold	Jeg er for tiden på praksisplass	Jag gör praktik	Ég er núna í starfsnámi
493	In a week's time	Om en uges tid	Om en ukes tid	Om en vecka	Eftir viku
494	He doesn't look like a nurse	Han ligner ikke en sygeplejerske	Han ser ikke ut som en sykepleier	Han ser inte ut som en sjuksköterska	Hann lítur ekki út eins og hjúkrunarfræðingur
495	It's there	Det er der	Er det der	Den är där	Það er þarna
496	What is going on?	Hvad sker der?	Hva skjer?	Vad händer?	Hvað gerist?
497	This is my mother	Dette er min mor	Dette er min mor	Detta är min mamma	Þetta er móðir mín
498	The chair is comfortable	Stolen er komfortabel	Stolen er komfortabel	Stolen är bekväm	Stóllinn er þægilegur
499	I study economics	Jeg studerer økonomi	Jeg studerer økonomi	Jag studerar ekonomi	Ég læri hagfræði
500	How long will you be staying?	Hvor længe bliver du?	Hvor lenge blir du?	Hur länge stannar du?	Hve lengi ætlarðu að vera?
501	I scratched myself	Dette er min kone	Dette er min kone	Jag kliade mig själv	Þetta er konan mín
502	Did it hurt?	Gjorde det ondt?	Gjorde det vondt?	Gjorde det ont?	Var það sárt?
503	sygeplejerske	Jeg er ved at uddanne mig til	Jeg trener til	Jag studerar för att bli sjuksköterska	Ég er að þjálfa til
504	What time are they arriving?	Hvad tid ankommer de?	Når kommer de?	Vilken tid anländer de?	Hvenær koma þeir?
505	I lost my keys	Jeg har mistet mine nøgler	Jeg har mistet nøklene	Jag har tappat mina nycklar	Ég týndi lyklunum mínum
506	slutter mig til Dem?	Har De noget imod det, hvis jeg	Har du noe imot om jeg	Har ni något emot att jag går med er?	Er þér sama ef ég
507	That is incorrect	Det er ukorrekt	Det er feil	Det är fel	Það er rangt
508	He's an engineer	Han er ingeniør	Han er en ingeniør	Han är en ingenjör	Hann er verkfræðingur
509	It is a mutual agreement	Det er en gensidig aftale	Det er en gjensidig avtale	D e t	Það er gagnkvæmt samkomulag
510	I'll call you when I leave	Jeg ringer til Dem, når jeg går	Jeg ringer deg når jeg går	Jag ringer er när jag lämnar	Ég hringi í þig þegar ég fer
511	I want to contact our embassy	Jeg ønsker at kontakte vores ambassade	Jeg ønsker å kontakte vår ambassade	Jag vill komma i kontakt med vår ambassad	Ég vil hafa samband við sendiráðið okkar
512	Who do you work for?	Hvem arbejder De for?	Hvem jobber du for?	Vem arbetar ni för?	fyrir hvern vinnur þú?
513	I think it tastes good	Jeg synes, det smager godt	Jeg synes det smaker godt	Jag tycker att den smakar bra	Mér finnst það bragðast vel
514	I studied politics	Jeg har studeret statskundskab	Jeg har studert statsvitenskap	Jag studerade politik	Ég hef lært stjórnmálafræði
515	I'm here on business	Jeg er her på forretningsrejse	Jeg er her på forretningsreise	Jag är här för affärer	Ég er hér í viðskiptum
516	I'll pay for dinner	Jeg betaler for middagen	Jeg betaler for middagen	Jag tar notan	Ég skal borga fyrir matinn
517	He resigned	Han trak sig	Han trakk seg tilbake	Han avgick	Hann dró sig í hlé
518	The sun is shining	Solen skinner	Sola skinner	Solen skiner	Sólin skín
519	I am guilty	Jeg er skyldig	Jeg er skyldig	Jag är skyldig	Ég er sekur
520	Last year	Sidste år	I fjor	Förra året	Síðasta ár
521	I work in a restaurant	Jeg arbejder på en restaurant	Jeg jobber på en restaurant	Jag arbetar på restaurang	Ég vinn á veitingastað
522	What is the risk?	Hvad er risikoen?	Hva er risikoen?	Vad är det för risk?	Hver er áhættan?
523	What does your mother do?	Hvad laver Deres mor til daglig?	Hva gjør moren din til daglig?	Vad arbetar er mor med?	Hvað gerir mamma þín daglega?
524	You were right	De havde ret	De hadde rett	Ni hade rätt	Þeir höfðu rétt fyrir sér
525	In ten days	Om ti dage	Om ti dager	Om tio dagar	Eftir tíu daga
526	This is my girlfriend	Det her er min kæreste	Dette er min kjæreste	Det här är min flickvän	Þetta er kærastan mín
527	What is in the bag?	Hvad er der i tasken?	Hva er i baggen?	Vad innehåller väskan?	Hvað er í töskunni?
528	Do you have any coins?	Har De nogen mønter?	Har du noen mynter?	Har ni några mynt?	Áttu einhverja mynt?
529	You are wrong	De tager fejl	De tar feil	Ni har fel	Þeir hafa rangt fyrir sér
530	I'm at work	Jeg er på arbejde	jeg er på jobb	Jag är på jobbet	ég er í vinnunni
531	How was the movie?	Hvordan var filmen?	Hvordan var filmen?	Hur var filmen?	Hvernig var myndin?
532	I need some tissues	Jeg har brug for et lommetørklæde	Jeg trenger et lommetørkle	Jag behöver några näsdukar	Mig vantar vasaklút
533	I am very motivated	Jeg er meget motiveret	Jeg er veldig motivert	Jag är oerhört motiverad	Ég er mjög áhugasamur
534	How far is it?	Hvor langt er det?	Hvor lang er den?	Hur långt är det?	Hversu langt er það?
535	Thank you	Tak	Takk	Tack	Takk
536	I do not have a guilty conscience	Jeg har ikke dårlig samvittighed	Jeg har ikke dårlig samvittighet	Jag har inget dåligt samvete	Ég er ekki með slæma samvisku
537	From what date?	Fra hvilken dato?	Fra hvilken dato?	Från vilket datum?	Frá hvaða degi?
538	I want to buy something	Jeg ønsker at købe noget	Jeg vil kjøpe noe	Jag vill köpa något	Mig langar að kaupa eitthvað
539	Please follow me	Vær venlig at følge med mig	Følg meg	Var vänlig följ mig	Vinsamlegast eltu mig
540	The hall is empty	Receptionen er tom	Resepsjonen er tom	Salen är tom	Móttakan er tóm
541	Do you understand me?	Forstår De mig?	Forstår du meg?	Förstår ni mig?	Skilur þú mig?
542	May I?	Må jeg have lov?	Kan jeg få lov?	Får jag lov?	Má ég fá leyfi?
543	What day is it today?	Hvad dag er det i dag?	Hvilken dag er det i dag?	Vilken dag är det idag?	Hvaða dagur er í dag?
544	That's interesting	Det er interessant	Det er interessant	Det var intressant	Það er áhugavert
545	Do you want to watch a film?	Har De lyst til at se en film?	Vil du se en film?	Skulle ni vilja se en film?	Langar þig að sjá kvikmynd?
546	You are very kind	De er meget venlig	De er veldig vennlige	Ni är så snäll	Þeir eru mjög vinalegir
547	I need a shopping-list	Jeg har brug for en indkøbsliste	Jeg trenger en handleliste	Jag behöver en inköpslista	Mig vantar innkaupalista
548	This is my daughter	Det her er min datter	Dette er min datter	Det här är min dotter	Þetta er dóttir mín
549	What is that?	Hvad er det?	Hva er det?	Vad är det där?	Hvað er það?
550	I'm tidying-up my room	Jeg er ved at rydde op på mit værelse	Jeg rydder opp rommet mitt	Jag städar mitt rum	Ég er að þrífa herbergið mitt
551	0	nul	null	noll	núll
552	1	en	en	ett	einn
553	2	to	to	två	tveir
554	3	tre	tre	tre	þrír
555	4	fire	fire	fyra	fjórir
556	5	fem	fem	fem	fimm
557	6	seks	seks	sex	sex
558	7	syv	sju	sju	sjö
559	8	åtte	åtte	åtta	átta
560	9	ni	ni	nio	níu
561	10	ti	ti	tio	tíu
562	11	elleve	elleve	elva	ellefu
563	12	tolv	tolv	tolv	tólf
564	13	tretten	tretten	tretton	þrettán
565	14	fjorten	fjorten	fjorton	fjórtán
566	15	femten	femten	femton	fimmtán
567	16	seksten	seksten	sexton	sextán
568	17	sytten	sytten	sjutton	sautján
569	18	atten	atten	araton	átján
570	19	nitten	nitten	nitton	nítján
571	20	tjue	tjue	tjugo	tuttugu
572	25	tjuefem	tjuefem	tjugofem	tuttugu og fimm
573	30	tretti	tretti	trettio	þrjátíu
574	40	førti	førti	fyrtio	fjörutíu
575	50	femti	femti	femtio	fimmtíu
576	60	sesti	seksti	sextio	sextíu
577	70	sytti	sytti	sjuttio	sjötíu
578	80	åtti	åtti	åttio	áttatíu
579	90	nitti	nitti	nittio	níutíu
580	100	hundre	hundre	hundra	hundrað
581	200	to hundre	to hundre	två hundra	tvö hundruð
582	300	tre hundre	tre hundre	tre hundra	þrjú hundruð
583	400	fire hundre	fire hundre	fyra hundra	fjögur hundruð
584	500	fem hundre	fem hundre	fem hundra	fimm hundruð
585	600	seks hundre	seks hundre	sex hundra	sex hundruð
586	700	sju hundre	sju hundre	sju hundra	sjö hundruð
587	800	åtte hundre	åtte hundre	åtta hundra	átta hundruð
588	900	ni hundre	ni hundre	nio hundra	níu hundruð
589	1000	tusen	tusen	tusen	þúsund
590	10000	ti tusen	ti tusen	tio tusen	tíu þúsund
591	100000	hundre tusen	hundre tusen	hundra tusen	hundrað þúsund
592	1000000	en million	en million	en miljon	ein milljón
